timestamp_us	,x	,y	,z	,type
1786611600000000,0.100000,-9.800000,0.200000,accel
1786611600000000,0.001000,0.002000,0.003000,gyro
1786611600001000,0.100000,-9.800000,0.200000,accel
1786611600001000,0.001000,0.002000,0.003000,gyro
1786611600002000,0.100000,-9.800000,0.200000,accel
1786611600002000,0.001000,0.002000,0.003000,gyro
1786611600003000,0.100000,-9.800000,0.200000,accel
1786611600003000,0.001000,0.002000,0.003000,gyro
1786611600004000,0.100000,-9.800000,0.200000,accel
1786611600004000,0.001000,0.002000,0.003000,gyro
1786611600005000,0.100000,-9.800000,0.200000,accel
1786611600005000,0.001000,0.002000,0.003000,gyro
1786611600006000,0.100000,-9.800000,0.200000,accel
1786611600006000,0.001000,0.002000,0.003000,gyro
1786611600007000,0.100000,-9.800000,0.200000,accel
1786611600007000,0.001000,0.002000,0.003000,gyro
1786611600008000,0.100000,-9.800000,0.200000,accel
1786611600008000,0.001000,0.002000,0.003000,gyro
1786611600009000,0.100000,-9.800000,0.200000,accel
1786611600009000,0.001000,0.002000,0.003000,gyro
1786611600010000,0.100000,-9.800000,0.200000,accel
1786611600010000,0.001000,0.002000,0.003000,gyro
1786611600011000,0.100000,-9.800000,0.200000,accel
1786611600011000,0.001000,0.002000,0.003000,gyro
1786611600012000,0.100000,-9.800000,0.200000,accel
1786611600012000,0.001000,0.002000,0.003000,gyro
1786611600013000,0.100000,-9.800000,0.200000,accel
1786611600013000,0.001000,0.002000,0.003000,gyro
1786611600014000,0.100000,-9.800000,0.200000,accel
1786611600014000,0.001000,0.002000,0.003000,gyro
1786611600015000,0.100000,-9.800000,0.200000,accel
1786611600015000,0.001000,0.002000,0.003000,gyro
1786611600016000,0.100000,-9.800000,0.200000,accel
1786611600016000,0.001000,0.002000,0.003000,gyro
1786611600017000,0.100000,-9.800000,0.200000,accel
1786611600017000,0.001000,0.002000,0.003000,gyro
1786611600018000,0.100000,-9.800000,0.200000,accel
1786611600018000,0.001000,0.002000,0.003000,gyro
1786611600019000,0.100000,-9.800000,0.200000,accel
1786611600019000,0.001000,0.002000,0.003000,gyro
1786611600020000,0.100000,-9.800000,0.200000,accel
1786611600020000,0.001000,0.002000,0.003000,gyro
1786611600021000,0.100000,-9.800000,0.200000,accel
1786611600021000,0.001000,0.002000,0.003000,gyro
1786611600022000,0.100000,-9.800000,0.200000,accel
1786611600022000,0.001000,0.002000,0.003000,gyro
1786611600023000,0.100000,-9.800000,0.200000,accel
1786611600023000,0.001000,0.002000,0.003000,gyro
1786611600024000,0.100000,-9.800000,0.200000,accel
1786611600024000,0.001000,0.002000,0.003000,gyro
1786611600025000,0.100000,-9.800000,0.200000,accel
1786611600025000,0.001000,0.002000,0.003000,gyro
1786611600026000,0.100000,-9.800000,0.200000,accel
1786611600026000,0.001000,0.002000,0.003000,gyro
1786611600027000,0.100000,-9.800000,0.200000,accel
1786611600027000,0.001000,0.002000,0.003000,gyro
1786611600028000,0.100000,-9.800000,0.200000,accel
1786611600028000,0.001000,0.002000,0.003000,gyro
1786611600029000,0.100000,-9.800000,0.200000,accel
1786611600029000,0.001000,0.002000,0.003000,gyro
1786611600030000,0.100000,-9.800000,0.200000,accel
1786611600030000,0.001000,0.002000,0.003000,gyro
1786611600031000,0.100000,-9.800000,0.200000,accel
1786611600031000,0.001000,0.002000,0.003000,gyro
1786611600032000,0.100000,-9.800000,0.200000,accel
1786611600032000,0.001000,0.002000,0.003000,gyro
1786611600033000,0.100000,-9.800000,0.200000,accel
1786611600033000,0.001000,0.002000,0.003000,gyro
1786611600034000,0.100000,-9.800000,0.200000,accel
1786611600034000,0.001000,0.002000,0.003000,gyro
1786611600035000,0.100000,-9.800000,0.200000,accel
1786611600035000,0.001000,0.002000,0.003000,gyro
1786611600036000,0.100000,-9.800000,0.200000,accel
1786611600036000,0.001000,0.002000,0.003000,gyro
1786611600037000,0.100000,-9.800000,0.200000,accel
1786611600037000,0.001000,0.002000,0.003000,gyro
1786611600038000,0.100000,-9.800000,0.200000,accel
1786611600038000,0.001000,0.002000,0.003000,gyro
1786611600039000,0.100000,-9.800000,0.200000,accel
1786611600039000,0.001000,0.002000,0.003000,gyro
1786611600040000,0.100000,-9.800000,0.200000,accel
1786611600040000,0.001000,0.002000,0.003000,gyro
1786611600041000,0.100000,-9.800000,0.200000,accel
1786611600041000,0.001000,0.002000,0.003000,gyro
1786611600042000,0.100000,-9.800000,0.200000,accel
1786611600042000,0.001000,0.002000,0.003000,gyro
1786611600043000,0.100000,-9.800000,0.200000,accel
1786611600043000,0.001000,0.002000,0.003000,gyro
1786611600044000,0.100000,-9.800000,0.200000,accel
1786611600044000,0.001000,0.002000,0.003000,gyro
1786611600045000,0.100000,-9.800000,0.200000,accel
1786611600045000,0.001000,0.002000,0.003000,gyro
1786611600046000,0.100000,-9.800000,0.200000,accel
1786611600046000,0.001000,0.002000,0.003000,gyro
1786611600047000,0.100000,-9.800000,0.200000,accel
1786611600047000,0.001000,0.002000,0.003000,gyro
1786611600048000,0.100000,-9.800000,0.200000,accel
1786611600048000,0.001000,0.002000,0.003000,gyro
1786611600049000,0.100000,-9.800000,0.200000,accel
1786611600049000,0.001000,0.002000,0.003000,gyro
1786611600050000,0.100000,-9.800000,0.200000,accel
1786611600050000,0.001000,0.002000,0.003000,gyro
1786611600051000,0.100000,-9.800000,0.200000,accel
1786611600051000,0.001000,0.002000,0.003000,gyro
1786611600052000,0.100000,-9.800000,0.200000,accel
1786611600052000,0.001000,0.002000,0.003000,gyro
1786611600053000,0.100000,-9.800000,0.200000,accel
1786611600053000,0.001000,0.002000,0.003000,gyro
1786611600054000,0.100000,-9.800000,0.200000,accel
1786611600054000,0.001000,0.002000,0.003000,gyro
1786611600055000,0.100000,-9.800000,0.200000,accel
1786611600055000,0.001000,0.002000,0.003000,gyro
1786611600056000,0.100000,-9.800000,0.200000,accel
1786611600056000,0.001000,0.002000,0.003000,gyro
1786611600057000,0.100000,-9.800000,0.200000,accel
1786611600057000,0.001000,0.002000,0.003000,gyro
1786611600058000,0.100000,-9.800000,0.200000,accel
1786611600058000,0.001000,0.002000,0.003000,gyro
1786611600059000,0.100000,-9.800000,0.200000,accel
1786611600059000,0.001000,0.002000,0.003000,gyro
1786611600060000,0.100000,-9.800000,0.200000,accel
1786611600060000,0.001000,0.002000,0.003000,gyro
1786611600061000,0.100000,-9.800000,0.200000,accel
1786611600061000,0.001000,0.002000,0.003000,gyro
1786611600062000,0.100000,-9.800000,0.200000,accel
1786611600062000,0.001000,0.002000,0.003000,gyro
1786611600063000,0.100000,-9.800000,0.200000,accel
1786611600063000,0.001000,0.002000,0.003000,gyro
1786611600064000,0.100000,-9.800000,0.200000,accel
1786611600064000,0.001000,0.002000,0.003000,gyro
1786611600065000,0.100000,-9.800000,0.200000,accel
1786611600065000,0.001000,0.002000,0.003000,gyro
1786611600066000,0.100000,-9.800000,0.200000,accel
1786611600066000,0.001000,0.002000,0.003000,gyro
1786611600067000,0.100000,-9.800000,0.200000,accel
1786611600067000,0.001000,0.002000,0.003000,gyro
1786611600068000,0.100000,-9.800000,0.200000,accel
1786611600068000,0.001000,0.002000,0.003000,gyro
1786611600069000,0.100000,-9.800000,0.200000,accel
1786611600069000,0.001000,0.002000,0.003000,gyro
1786611600070000,0.100000,-9.800000,0.200000,accel
1786611600070000,0.001000,0.002000,0.003000,gyro
1786611600071000,0.100000,-9.800000,0.200000,accel
1786611600071000,0.001000,0.002000,0.003000,gyro
1786611600072000,0.100000,-9.800000,0.200000,accel
1786611600072000,0.001000,0.002000,0.003000,gyro
1786611600073000,0.100000,-9.800000,0.200000,accel
1786611600073000,0.001000,0.002000,0.003000,gyro
1786611600074000,0.100000,-9.800000,0.200000,accel
1786611600074000,0.001000,0.002000,0.003000,gyro
1786611600075000,0.100000,-9.800000,0.200000,accel
1786611600075000,0.001000,0.002000,0.003000,gyro
1786611600076000,0.100000,-9.800000,0.200000,accel
1786611600076000,0.001000,0.002000,0.003000,gyro
1786611600077000,0.100000,-9.800000,0.200000,accel
1786611600077000,0.001000,0.002000,0.003000,gyro
1786611600078000,0.100000,-9.800000,0.200000,accel
1786611600078000,0.001000,0.002000,0.003000,gyro
1786611600079000,0.100000,-9.800000,0.200000,accel
1786611600079000,0.001000,0.002000,0.003000,gyro
1786611600080000,0.100000,-9.800000,0.200000,accel
1786611600080000,0.001000,0.002000,0.003000,gyro
1786611600081000,0.100000,-9.800000,0.200000,accel
1786611600081000,0.001000,0.002000,0.003000,gyro
1786611600082000,0.100000,-9.800000,0.200000,accel
1786611600082000,0.001000,0.002000,0.003000,gyro
1786611600083000,0.100000,-9.800000,0.200000,accel
1786611600083000,0.001000,0.002000,0.003000,gyro
1786611600084000,0.100000,-9.800000,0.200000,accel
1786611600084000,0.001000,0.002000,0.003000,gyro
1786611600085000,0.100000,-9.800000,0.200000,accel
1786611600085000,0.001000,0.002000,0.003000,gyro
1786611600086000,0.100000,-9.800000,0.200000,accel
1786611600086000,0.001000,0.002000,0.003000,gyro
1786611600087000,0.100000,-9.800000,0.200000,accel
1786611600087000,0.001000,0.002000,0.003000,gyro
1786611600088000,0.100000,-9.800000,0.200000,accel
1786611600088000,0.001000,0.002000,0.003000,gyro
1786611600089000,0.100000,-9.800000,0.200000,accel
1786611600089000,0.001000,0.002000,0.003000,gyro
1786611600090000,0.100000,-9.800000,0.200000,accel
1786611600090000,0.001000,0.002000,0.003000,gyro
1786611600091000,0.100000,-9.800000,0.200000,accel
1786611600091000,0.001000,0.002000,0.003000,gyro
1786611600092000,0.100000,-9.800000,0.200000,accel
1786611600092000,0.001000,0.002000,0.003000,gyro
1786611600093000,0.100000,-9.800000,0.200000,accel
1786611600093000,0.001000,0.002000,0.003000,gyro
1786611600094000,0.100000,-9.800000,0.200000,accel
1786611600094000,0.001000,0.002000,0.003000,gyro
1786611600095000,0.100000,-9.800000,0.200000,accel
1786611600095000,0.001000,0.002000,0.003000,gyro
1786611600096000,0.100000,-9.800000,0.200000,accel
1786611600096000,0.001000,0.002000,0.003000,gyro
1786611600097000,0.100000,-9.800000,0.200000,accel
1786611600097000,0.001000,0.002000,0.003000,gyro
1786611600098000,0.100000,-9.800000,0.200000,accel
1786611600098000,0.001000,0.002000,0.003000,gyro
1786611600099000,0.100000,-9.800000,0.200000,accel
1786611600099000,0.001000,0.002000,0.003000,gyro
1786611600100000,0.100000,-9.800000,0.200000,accel
1786611600100000,0.001000,0.002000,0.003000,gyro
1786611600101000,0.100000,-9.800000,0.200000,accel
1786611600101000,0.001000,0.002000,0.003000,gyro
1786611600102000,0.100000,-9.800000,0.200000,accel
1786611600102000,0.001000,0.002000,0.003000,gyro
1786611600103000,0.100000,-9.800000,0.200000,accel
1786611600103000,0.001000,0.002000,0.003000,gyro
1786611600104000,0.100000,-9.800000,0.200000,accel
1786611600104000,0.001000,0.002000,0.003000,gyro
1786611600105000,0.100000,-9.800000,0.200000,accel
1786611600105000,0.001000,0.002000,0.003000,gyro
1786611600106000,0.100000,-9.800000,0.200000,accel
1786611600106000,0.001000,0.002000,0.003000,gyro
1786611600107000,0.100000,-9.800000,0.200000,accel
1786611600107000,0.001000,0.002000,0.003000,gyro
1786611600108000,0.100000,-9.800000,0.200000,accel
1786611600108000,0.001000,0.002000,0.003000,gyro
1786611600109000,0.100000,-9.800000,0.200000,accel
1786611600109000,0.001000,0.002000,0.003000,gyro
1786611600110000,0.100000,-9.800000,0.200000,accel
1786611600110000,0.001000,0.002000,0.003000,gyro
1786611600111000,0.100000,-9.800000,0.200000,accel
1786611600111000,0.001000,0.002000,0.003000,gyro
1786611600112000,0.100000,-9.800000,0.200000,accel
1786611600112000,0.001000,0.002000,0.003000,gyro
1786611600113000,0.100000,-9.800000,0.200000,accel
1786611600113000,0.001000,0.002000,0.003000,gyro
1786611600114000,0.100000,-9.800000,0.200000,accel
1786611600114000,0.001000,0.002000,0.003000,gyro
1786611600115000,0.100000,-9.800000,0.200000,accel
1786611600115000,0.001000,0.002000,0.003000,gyro
1786611600116000,0.100000,-9.800000,0.200000,accel
1786611600116000,0.001000,0.002000,0.003000,gyro
1786611600117000,0.100000,-9.800000,0.200000,accel
1786611600117000,0.001000,0.002000,0.003000,gyro
1786611600118000,0.100000,-9.800000,0.200000,accel
1786611600118000,0.001000,0.002000,0.003000,gyro
1786611600119000,0.100000,-9.800000,0.200000,accel
1786611600119000,0.001000,0.002000,0.003000,gyro
1786611600120000,0.100000,-9.800000,0.200000,accel
1786611600120000,0.001000,0.002000,0.003000,gyro
1786611600121000,0.100000,-9.800000,0.200000,accel
1786611600121000,0.001000,0.002000,0.003000,gyro
1786611600122000,0.100000,-9.800000,0.200000,accel
1786611600122000,0.001000,0.002000,0.003000,gyro
1786611600123000,0.100000,-9.800000,0.200000,accel
1786611600123000,0.001000,0.002000,0.003000,gyro
1786611600124000,0.100000,-9.800000,0.200000,accel
1786611600124000,0.001000,0.002000,0.003000,gyro
1786611600125000,0.100000,-9.800000,0.200000,accel
1786611600125000,0.001000,0.002000,0.003000,gyro
1786611600126000,0.100000,-9.800000,0.200000,accel
1786611600126000,0.001000,0.002000,0.003000,gyro
1786611600127000,0.100000,-9.800000,0.200000,accel
1786611600127000,0.001000,0.002000,0.003000,gyro
1786611600128000,0.100000,-9.800000,0.200000,accel
1786611600128000,0.001000,0.002000,0.003000,gyro
1786611600129000,0.100000,-9.800000,0.200000,accel
1786611600129000,0.001000,0.002000,0.003000,gyro
1786611600130000,0.100000,-9.800000,0.200000,accel
1786611600130000,0.001000,0.002000,0.003000,gyro
1786611600131000,0.100000,-9.800000,0.200000,accel
1786611600131000,0.001000,0.002000,0.003000,gyro
1786611600132000,0.100000,-9.800000,0.200000,accel
1786611600132000,0.001000,0.002000,0.003000,gyro
1786611600133000,0.100000,-9.800000,0.200000,accel
1786611600133000,0.001000,0.002000,0.003000,gyro
1786611600134000,0.100000,-9.800000,0.200000,accel
1786611600134000,0.001000,0.002000,0.003000,gyro
1786611600135000,0.100000,-9.800000,0.200000,accel
1786611600135000,0.001000,0.002000,0.003000,gyro
1786611600136000,0.100000,-9.800000,0.200000,accel
1786611600136000,0.001000,0.002000,0.003000,gyro
1786611600137000,0.100000,-9.800000,0.200000,accel
1786611600137000,0.001000,0.002000,0.003000,gyro
1786611600138000,0.100000,-9.800000,0.200000,accel
1786611600138000,0.001000,0.002000,0.003000,gyro
1786611600139000,0.100000,-9.800000,0.200000,accel
1786611600139000,0.001000,0.002000,0.003000,gyro
1786611600140000,0.100000,-9.800000,0.200000,accel
1786611600140000,0.001000,0.002000,0.003000,gyro
1786611600141000,0.100000,-9.800000,0.200000,accel
1786611600141000,0.001000,0.002000,0.003000,gyro
1786611600142000,0.100000,-9.800000,0.200000,accel
1786611600142000,0.001000,0.002000,0.003000,gyro
1786611600143000,0.100000,-9.800000,0.200000,accel
1786611600143000,0.001000,0.002000,0.003000,gyro
1786611600144000,0.100000,-9.800000,0.200000,accel
1786611600144000,0.001000,0.002000,0.003000,gyro
1786611600145000,0.100000,-9.800000,0.200000,accel
1786611600145000,0.001000,0.002000,0.003000,gyro
1786611600146000,0.100000,-9.800000,0.200000,accel
1786611600146000,0.001000,0.002000,0.003000,gyro
1786611600147000,0.100000,-9.800000,0.200000,accel
1786611600147000,0.001000,0.002000,0.003000,gyro
1786611600148000,0.100000,-9.800000,0.200000,accel
1786611600148000,0.001000,0.002000,0.003000,gyro
1786611600149000,0.100000,-9.800000,0.200000,accel
1786611600149000,0.001000,0.002000,0.003000,gyro
1786611600150000,0.100000,-9.800000,0.200000,accel
1786611600150000,0.001000,0.002000,0.003000,gyro
1786611600151000,0.100000,-9.800000,0.200000,accel
1786611600151000,0.001000,0.002000,0.003000,gyro
1786611600152000,0.100000,-9.800000,0.200000,accel
1786611600152000,0.001000,0.002000,0.003000,gyro
1786611600153000,0.100000,-9.800000,0.200000,accel
1786611600153000,0.001000,0.002000,0.003000,gyro
1786611600154000,0.100000,-9.800000,0.200000,accel
1786611600154000,0.001000,0.002000,0.003000,gyro
1786611600155000,0.100000,-9.800000,0.200000,accel
1786611600155000,0.001000,0.002000,0.003000,gyro
1786611600156000,0.100000,-9.800000,0.200000,accel
1786611600156000,0.001000,0.002000,0.003000,gyro
1786611600157000,0.100000,-9.800000,0.200000,accel
1786611600157000,0.001000,0.002000,0.003000,gyro
1786611600158000,0.100000,-9.800000,0.200000,accel
1786611600158000,0.001000,0.002000,0.003000,gyro
1786611600159000,0.100000,-9.800000,0.200000,accel
1786611600159000,0.001000,0.002000,0.003000,gyro
1786611600160000,0.100000,-9.800000,0.200000,accel
1786611600160000,0.001000,0.002000,0.003000,gyro
1786611600161000,0.100000,-9.800000,0.200000,accel
1786611600161000,0.001000,0.002000,0.003000,gyro
1786611600162000,0.100000,-9.800000,0.200000,accel
1786611600162000,0.001000,0.002000,0.003000,gyro
1786611600163000,0.100000,-9.800000,0.200000,accel
1786611600163000,0.001000,0.002000,0.003000,gyro
1786611600164000,0.100000,-9.800000,0.200000,accel
1786611600164000,0.001000,0.002000,0.003000,gyro
1786611600165000,0.100000,-9.800000,0.200000,accel
1786611600165000,0.001000,0.002000,0.003000,gyro
1786611600166000,0.100000,-9.800000,0.200000,accel
1786611600166000,0.001000,0.002000,0.003000,gyro
1786611600167000,0.100000,-9.800000,0.200000,accel
1786611600167000,0.001000,0.002000,0.003000,gyro
1786611600168000,0.100000,-9.800000,0.200000,accel
1786611600168000,0.001000,0.002000,0.003000,gyro
1786611600169000,0.100000,-9.800000,0.200000,accel
1786611600169000,0.001000,0.002000,0.003000,gyro
1786611600170000,0.100000,-9.800000,0.200000,accel
1786611600170000,0.001000,0.002000,0.003000,gyro
1786611600171000,0.100000,-9.800000,0.200000,accel
1786611600171000,0.001000,0.002000,0.003000,gyro
1786611600172000,0.100000,-9.800000,0.200000,accel
1786611600172000,0.001000,0.002000,0.003000,gyro
1786611600173000,0.100000,-9.800000,0.200000,accel
1786611600173000,0.001000,0.002000,0.003000,gyro
1786611600174000,0.100000,-9.800000,0.200000,accel
1786611600174000,0.001000,0.002000,0.003000,gyro
1786611600175000,0.100000,-9.800000,0.200000,accel
1786611600175000,0.001000,0.002000,0.003000,gyro
1786611600176000,0.100000,-9.800000,0.200000,accel
1786611600176000,0.001000,0.002000,0.003000,gyro
1786611600177000,0.100000,-9.800000,0.200000,accel
1786611600177000,0.001000,0.002000,0.003000,gyro
1786611600178000,0.100000,-9.800000,0.200000,accel
1786611600178000,0.001000,0.002000,0.003000,gyro
1786611600179000,0.100000,-9.800000,0.200000,accel
1786611600179000,0.001000,0.002000,0.003000,gyro
1786611600180000,0.100000,-9.800000,0.200000,accel
1786611600180000,0.001000,0.002000,0.003000,gyro
1786611600181000,0.100000,-9.800000,0.200000,accel
1786611600181000,0.001000,0.002000,0.003000,gyro
1786611600182000,0.100000,-9.800000,0.200000,accel
1786611600182000,0.001000,0.002000,0.003000,gyro
1786611600183000,0.100000,-9.800000,0.200000,accel
1786611600183000,0.001000,0.002000,0.003000,gyro
1786611600184000,0.100000,-9.800000,0.200000,accel
1786611600184000,0.001000,0.002000,0.003000,gyro
1786611600185000,0.100000,-9.800000,0.200000,accel
1786611600185000,0.001000,0.002000,0.003000,gyro
1786611600186000,0.100000,-9.800000,0.200000,accel
1786611600186000,0.001000,0.002000,0.003000,gyro
1786611600187000,0.100000,-9.800000,0.200000,accel
1786611600187000,0.001000,0.002000,0.003000,gyro
1786611600188000,0.100000,-9.800000,0.200000,accel
1786611600188000,0.001000,0.002000,0.003000,gyro
1786611600189000,0.100000,-9.800000,0.200000,accel
1786611600189000,0.001000,0.002000,0.003000,gyro
1786611600190000,0.100000,-9.800000,0.200000,accel
1786611600190000,0.001000,0.002000,0.003000,gyro
1786611600191000,0.100000,-9.800000,0.200000,accel
1786611600191000,0.001000,0.002000,0.003000,gyro
1786611600192000,0.100000,-9.800000,0.200000,accel
1786611600192000,0.001000,0.002000,0.003000,gyro
1786611600193000,0.100000,-9.800000,0.200000,accel
1786611600193000,0.001000,0.002000,0.003000,gyro
1786611600194000,0.100000,-9.800000,0.200000,accel
1786611600194000,0.001000,0.002000,0.003000,gyro
1786611600195000,0.100000,-9.800000,0.200000,accel
1786611600195000,0.001000,0.002000,0.003000,gyro
1786611600196000,0.100000,-9.800000,0.200000,accel
1786611600196000,0.001000,0.002000,0.003000,gyro
1786611600197000,0.100000,-9.800000,0.200000,accel
1786611600197000,0.001000,0.002000,0.003000,gyro
1786611600198000,0.100000,-9.800000,0.200000,accel
1786611600198000,0.001000,0.002000,0.003000,gyro
1786611600199000,0.100000,-9.800000,0.200000,accel
1786611600199000,0.001000,0.002000,0.003000,gyro
1786611600200000,0.100000,-9.800000,0.200000,accel
1786611600200000,0.001000,0.002000,0.003000,gyro
1786611600201000,0.100000,-9.800000,0.200000,accel
1786611600201000,0.001000,0.002000,0.003000,gyro
1786611600202000,0.100000,-9.800000,0.200000,accel
1786611600202000,0.001000,0.002000,0.003000,gyro
1786611600203000,0.100000,-9.800000,0.200000,accel
1786611600203000,0.001000,0.002000,0.003000,gyro
1786611600204000,0.100000,-9.800000,0.200000,accel
1786611600204000,0.001000,0.002000,0.003000,gyro
1786611600205000,0.100000,-9.800000,0.200000,accel
1786611600205000,0.001000,0.002000,0.003000,gyro
1786611600206000,0.100000,-9.800000,0.200000,accel
1786611600206000,0.001000,0.002000,0.003000,gyro
1786611600207000,0.100000,-9.800000,0.200000,accel
1786611600207000,0.001000,0.002000,0.003000,gyro
1786611600208000,0.100000,-9.800000,0.200000,accel
1786611600208000,0.001000,0.002000,0.003000,gyro
1786611600209000,0.100000,-9.800000,0.200000,accel
1786611600209000,0.001000,0.002000,0.003000,gyro
1786611600210000,0.100000,-9.800000,0.200000,accel
1786611600210000,0.001000,0.002000,0.003000,gyro
1786611600211000,0.100000,-9.800000,0.200000,accel
1786611600211000,0.001000,0.002000,0.003000,gyro
1786611600212000,0.100000,-9.800000,0.200000,accel
1786611600212000,0.001000,0.002000,0.003000,gyro
1786611600213000,0.100000,-9.800000,0.200000,accel
1786611600213000,0.001000,0.002000,0.003000,gyro
1786611600214000,0.100000,-9.800000,0.200000,accel
1786611600214000,0.001000,0.002000,0.003000,gyro
1786611600215000,0.100000,-9.800000,0.200000,accel
1786611600215000,0.001000,0.002000,0.003000,gyro
1786611600216000,0.100000,-9.800000,0.200000,accel
1786611600216000,0.001000,0.002000,0.003000,gyro
1786611600217000,0.100000,-9.800000,0.200000,accel
1786611600217000,0.001000,0.002000,0.003000,gyro
1786611600218000,0.100000,-9.800000,0.200000,accel
1786611600218000,0.001000,0.002000,0.003000,gyro
1786611600219000,0.100000,-9.800000,0.200000,accel
1786611600219000,0.001000,0.002000,0.003000,gyro
1786611600220000,0.100000,-9.800000,0.200000,accel
1786611600220000,0.001000,0.002000,0.003000,gyro
1786611600221000,0.100000,-9.800000,0.200000,accel
1786611600221000,0.001000,0.002000,0.003000,gyro
1786611600222000,0.100000,-9.800000,0.200000,accel
1786611600222000,0.001000,0.002000,0.003000,gyro
1786611600223000,0.100000,-9.800000,0.200000,accel
1786611600223000,0.001000,0.002000,0.003000,gyro
1786611600224000,0.100000,-9.800000,0.200000,accel
1786611600224000,0.001000,0.002000,0.003000,gyro
1786611600225000,0.100000,-9.800000,0.200000,accel
1786611600225000,0.001000,0.002000,0.003000,gyro
1786611600226000,0.100000,-9.800000,0.200000,accel
1786611600226000,0.001000,0.002000,0.003000,gyro
1786611600227000,0.100000,-9.800000,0.200000,accel
1786611600227000,0.001000,0.002000,0.003000,gyro
1786611600228000,0.100000,-9.800000,0.200000,accel
1786611600228000,0.001000,0.002000,0.003000,gyro
1786611600229000,0.100000,-9.800000,0.200000,accel
1786611600229000,0.001000,0.002000,0.003000,gyro
1786611600230000,0.100000,-9.800000,0.200000,accel
1786611600230000,0.001000,0.002000,0.003000,gyro
1786611600231000,0.100000,-9.800000,0.200000,accel
1786611600231000,0.001000,0.002000,0.003000,gyro
1786611600232000,0.100000,-9.800000,0.200000,accel
1786611600232000,0.001000,0.002000,0.003000,gyro
1786611600233000,0.100000,-9.800000,0.200000,accel
1786611600233000,0.001000,0.002000,0.003000,gyro
1786611600234000,0.100000,-9.800000,0.200000,accel
1786611600234000,0.001000,0.002000,0.003000,gyro
1786611600235000,0.100000,-9.800000,0.200000,accel
1786611600235000,0.001000,0.002000,0.003000,gyro
1786611600236000,0.100000,-9.800000,0.200000,accel
1786611600236000,0.001000,0.002000,0.003000,gyro
1786611600237000,0.100000,-9.800000,0.200000,accel
1786611600237000,0.001000,0.002000,0.003000,gyro
1786611600238000,0.100000,-9.800000,0.200000,accel
1786611600238000,0.001000,0.002000,0.003000,gyro
1786611600239000,0.100000,-9.800000,0.200000,accel
1786611600239000,0.001000,0.002000,0.003000,gyro
1786611600240000,0.100000,-9.800000,0.200000,accel
1786611600240000,0.001000,0.002000,0.003000,gyro
1786611600241000,0.100000,-9.800000,0.200000,accel
1786611600241000,0.001000,0.002000,0.003000,gyro
1786611600242000,0.100000,-9.800000,0.200000,accel
1786611600242000,0.001000,0.002000,0.003000,gyro
1786611600243000,0.100000,-9.800000,0.200000,accel
1786611600243000,0.001000,0.002000,0.003000,gyro
1786611600244000,0.100000,-9.800000,0.200000,accel
1786611600244000,0.001000,0.002000,0.003000,gyro
1786611600245000,0.100000,-9.800000,0.200000,accel
1786611600245000,0.001000,0.002000,0.003000,gyro
1786611600246000,0.100000,-9.800000,0.200000,accel
1786611600246000,0.001000,0.002000,0.003000,gyro
1786611600247000,0.100000,-9.800000,0.200000,accel
1786611600247000,0.001000,0.002000,0.003000,gyro
1786611600248000,0.100000,-9.800000,0.200000,accel
1786611600248000,0.001000,0.002000,0.003000,gyro
1786611600249000,0.100000,-9.800000,0.200000,accel
1786611600249000,0.001000,0.002000,0.003000,gyro
1786611600250000,0.100000,-9.800000,0.200000,accel
1786611600250000,0.001000,0.002000,0.003000,gyro
1786611600251000,0.100000,-9.800000,0.200000,accel
1786611600251000,0.001000,0.002000,0.003000,gyro
1786611600252000,0.100000,-9.800000,0.200000,accel
1786611600252000,0.001000,0.002000,0.003000,gyro
1786611600253000,0.100000,-9.800000,0.200000,accel
1786611600253000,0.001000,0.002000,0.003000,gyro
1786611600254000,0.100000,-9.800000,0.200000,accel
1786611600254000,0.001000,0.002000,0.003000,gyro
1786611600255000,0.100000,-9.800000,0.200000,accel
1786611600255000,0.001000,0.002000,0.003000,gyro
1786611600256000,0.100000,-9.800000,0.200000,accel
1786611600256000,0.001000,0.002000,0.003000,gyro
1786611600257000,0.100000,-9.800000,0.200000,accel
1786611600257000,0.001000,0.002000,0.003000,gyro
1786611600258000,0.100000,-9.800000,0.200000,accel
1786611600258000,0.001000,0.002000,0.003000,gyro
1786611600259000,0.100000,-9.800000,0.200000,accel
1786611600259000,0.001000,0.002000,0.003000,gyro
1786611600260000,0.100000,-9.800000,0.200000,accel
1786611600260000,0.001000,0.002000,0.003000,gyro
1786611600261000,0.100000,-9.800000,0.200000,accel
1786611600261000,0.001000,0.002000,0.003000,gyro
1786611600262000,0.100000,-9.800000,0.200000,accel
1786611600262000,0.001000,0.002000,0.003000,gyro
1786611600263000,0.100000,-9.800000,0.200000,accel
1786611600263000,0.001000,0.002000,0.003000,gyro
1786611600264000,0.100000,-9.800000,0.200000,accel
1786611600264000,0.001000,0.002000,0.003000,gyro
1786611600265000,0.100000,-9.800000,0.200000,accel
1786611600265000,0.001000,0.002000,0.003000,gyro
1786611600266000,0.100000,-9.800000,0.200000,accel
1786611600266000,0.001000,0.002000,0.003000,gyro
1786611600267000,0.100000,-9.800000,0.200000,accel
1786611600267000,0.001000,0.002000,0.003000,gyro
1786611600268000,0.100000,-9.800000,0.200000,accel
1786611600268000,0.001000,0.002000,0.003000,gyro
1786611600269000,0.100000,-9.800000,0.200000,accel
1786611600269000,0.001000,0.002000,0.003000,gyro
1786611600270000,0.100000,-9.800000,0.200000,accel
1786611600270000,0.001000,0.002000,0.003000,gyro
1786611600271000,0.100000,-9.800000,0.200000,accel
1786611600271000,0.001000,0.002000,0.003000,gyro
1786611600272000,0.100000,-9.800000,0.200000,accel
1786611600272000,0.001000,0.002000,0.003000,gyro
1786611600273000,0.100000,-9.800000,0.200000,accel
1786611600273000,0.001000,0.002000,0.003000,gyro
1786611600274000,0.100000,-9.800000,0.200000,accel
1786611600274000,0.001000,0.002000,0.003000,gyro
1786611600275000,0.100000,-9.800000,0.200000,accel
1786611600275000,0.001000,0.002000,0.003000,gyro
1786611600276000,0.100000,-9.800000,0.200000,accel
1786611600276000,0.001000,0.002000,0.003000,gyro
1786611600277000,0.100000,-9.800000,0.200000,accel
1786611600277000,0.001000,0.002000,0.003000,gyro
1786611600278000,0.100000,-9.800000,0.200000,accel
1786611600278000,0.001000,0.002000,0.003000,gyro
1786611600279000,0.100000,-9.800000,0.200000,accel
1786611600279000,0.001000,0.002000,0.003000,gyro
1786611600280000,0.100000,-9.800000,0.200000,accel
1786611600280000,0.001000,0.002000,0.003000,gyro
1786611600281000,0.100000,-9.800000,0.200000,accel
1786611600281000,0.001000,0.002000,0.003000,gyro
1786611600282000,0.100000,-9.800000,0.200000,accel
1786611600282000,0.001000,0.002000,0.003000,gyro
1786611600283000,0.100000,-9.800000,0.200000,accel
1786611600283000,0.001000,0.002000,0.003000,gyro
1786611600284000,0.100000,-9.800000,0.200000,accel
1786611600284000,0.001000,0.002000,0.003000,gyro
1786611600285000,0.100000,-9.800000,0.200000,accel
1786611600285000,0.001000,0.002000,0.003000,gyro
1786611600286000,0.100000,-9.800000,0.200000,accel
1786611600286000,0.001000,0.002000,0.003000,gyro
1786611600287000,0.100000,-9.800000,0.200000,accel
1786611600287000,0.001000,0.002000,0.003000,gyro
1786611600288000,0.100000,-9.800000,0.200000,accel
1786611600288000,0.001000,0.002000,0.003000,gyro
1786611600289000,0.100000,-9.800000,0.200000,accel
1786611600289000,0.001000,0.002000,0.003000,gyro
1786611600290000,0.100000,-9.800000,0.200000,accel
1786611600290000,0.001000,0.002000,0.003000,gyro
1786611600291000,0.100000,-9.800000,0.200000,accel
1786611600291000,0.001000,0.002000,0.003000,gyro
1786611600292000,0.100000,-9.800000,0.200000,accel
1786611600292000,0.001000,0.002000,0.003000,gyro
1786611600293000,0.100000,-9.800000,0.200000,accel
1786611600293000,0.001000,0.002000,0.003000,gyro
1786611600294000,0.100000,-9.800000,0.200000,accel
1786611600294000,0.001000,0.002000,0.003000,gyro
1786611600295000,0.100000,-9.800000,0.200000,accel
1786611600295000,0.001000,0.002000,0.003000,gyro
1786611600296000,0.100000,-9.800000,0.200000,accel
1786611600296000,0.001000,0.002000,0.003000,gyro
1786611600297000,0.100000,-9.800000,0.200000,accel
1786611600297000,0.001000,0.002000,0.003000,gyro
1786611600298000,0.100000,-9.800000,0.200000,accel
1786611600298000,0.001000,0.002000,0.003000,gyro
1786611600299000,0.100000,-9.800000,0.200000,accel
1786611600299000,0.001000,0.002000,0.003000,gyro
1786611600300000,0.100000,-9.800000,0.200000,accel
1786611600300000,0.001000,0.002000,0.003000,gyro
1786611600301000,0.100000,-9.800000,0.200000,accel
1786611600301000,0.001000,0.002000,0.003000,gyro
1786611600302000,0.100000,-9.800000,0.200000,accel
1786611600302000,0.001000,0.002000,0.003000,gyro
1786611600303000,0.100000,-9.800000,0.200000,accel
1786611600303000,0.001000,0.002000,0.003000,gyro
1786611600304000,0.100000,-9.800000,0.200000,accel
1786611600304000,0.001000,0.002000,0.003000,gyro
1786611600305000,0.100000,-9.800000,0.200000,accel
1786611600305000,0.001000,0.002000,0.003000,gyro
1786611600306000,0.100000,-9.800000,0.200000,accel
1786611600306000,0.001000,0.002000,0.003000,gyro
1786611600307000,0.100000,-9.800000,0.200000,accel
1786611600307000,0.001000,0.002000,0.003000,gyro
1786611600308000,0.100000,-9.800000,0.200000,accel
1786611600308000,0.001000,0.002000,0.003000,gyro
1786611600309000,0.100000,-9.800000,0.200000,accel
1786611600309000,0.001000,0.002000,0.003000,gyro
1786611600310000,0.100000,-9.800000,0.200000,accel
1786611600310000,0.001000,0.002000,0.003000,gyro
1786611600311000,0.100000,-9.800000,0.200000,accel
1786611600311000,0.001000,0.002000,0.003000,gyro
1786611600312000,0.100000,-9.800000,0.200000,accel
1786611600312000,0.001000,0.002000,0.003000,gyro
1786611600313000,0.100000,-9.800000,0.200000,accel
1786611600313000,0.001000,0.002000,0.003000,gyro
1786611600314000,0.100000,-9.800000,0.200000,accel
1786611600314000,0.001000,0.002000,0.003000,gyro
1786611600315000,0.100000,-9.800000,0.200000,accel
1786611600315000,0.001000,0.002000,0.003000,gyro
1786611600316000,0.100000,-9.800000,0.200000,accel
1786611600316000,0.001000,0.002000,0.003000,gyro
1786611600317000,0.100000,-9.800000,0.200000,accel
1786611600317000,0.001000,0.002000,0.003000,gyro
1786611600318000,0.100000,-9.800000,0.200000,accel
1786611600318000,0.001000,0.002000,0.003000,gyro
1786611600319000,0.100000,-9.800000,0.200000,accel
1786611600319000,0.001000,0.002000,0.003000,gyro
1786611600320000,0.100000,-9.800000,0.200000,accel
1786611600320000,0.001000,0.002000,0.003000,gyro
1786611600321000,0.100000,-9.800000,0.200000,accel
1786611600321000,0.001000,0.002000,0.003000,gyro
1786611600322000,0.100000,-9.800000,0.200000,accel
1786611600322000,0.001000,0.002000,0.003000,gyro
1786611600323000,0.100000,-9.800000,0.200000,accel
1786611600323000,0.001000,0.002000,0.003000,gyro
1786611600324000,0.100000,-9.800000,0.200000,accel
1786611600324000,0.001000,0.002000,0.003000,gyro
1786611600325000,0.100000,-9.800000,0.200000,accel
1786611600325000,0.001000,0.002000,0.003000,gyro
1786611600326000,0.100000,-9.800000,0.200000,accel
1786611600326000,0.001000,0.002000,0.003000,gyro
1786611600327000,0.100000,-9.800000,0.200000,accel
1786611600327000,0.001000,0.002000,0.003000,gyro
1786611600328000,0.100000,-9.800000,0.200000,accel
1786611600328000,0.001000,0.002000,0.003000,gyro
1786611600329000,0.100000,-9.800000,0.200000,accel
1786611600329000,0.001000,0.002000,0.003000,gyro
1786611600330000,0.100000,-9.800000,0.200000,accel
1786611600330000,0.001000,0.002000,0.003000,gyro
1786611600331000,0.100000,-9.800000,0.200000,accel
1786611600331000,0.001000,0.002000,0.003000,gyro
1786611600332000,0.100000,-9.800000,0.200000,accel
1786611600332000,0.001000,0.002000,0.003000,gyro
1786611600333000,0.100000,-9.800000,0.200000,accel
1786611600333000,0.001000,0.002000,0.003000,gyro
1786611600334000,0.100000,-9.800000,0.200000,accel
1786611600334000,0.001000,0.002000,0.003000,gyro
1786611600335000,0.100000,-9.800000,0.200000,accel
1786611600335000,0.001000,0.002000,0.003000,gyro
1786611600336000,0.100000,-9.800000,0.200000,accel
1786611600336000,0.001000,0.002000,0.003000,gyro
1786611600337000,0.100000,-9.800000,0.200000,accel
1786611600337000,0.001000,0.002000,0.003000,gyro
1786611600338000,0.100000,-9.800000,0.200000,accel
1786611600338000,0.001000,0.002000,0.003000,gyro
1786611600339000,0.100000,-9.800000,0.200000,accel
1786611600339000,0.001000,0.002000,0.003000,gyro
1786611600340000,0.100000,-9.800000,0.200000,accel
1786611600340000,0.001000,0.002000,0.003000,gyro
1786611600341000,0.100000,-9.800000,0.200000,accel
1786611600341000,0.001000,0.002000,0.003000,gyro
1786611600342000,0.100000,-9.800000,0.200000,accel
1786611600342000,0.001000,0.002000,0.003000,gyro
1786611600343000,0.100000,-9.800000,0.200000,accel
1786611600343000,0.001000,0.002000,0.003000,gyro
1786611600344000,0.100000,-9.800000,0.200000,accel
1786611600344000,0.001000,0.002000,0.003000,gyro
1786611600345000,0.100000,-9.800000,0.200000,accel
1786611600345000,0.001000,0.002000,0.003000,gyro
1786611600346000,0.100000,-9.800000,0.200000,accel
1786611600346000,0.001000,0.002000,0.003000,gyro
1786611600347000,0.100000,-9.800000,0.200000,accel
1786611600347000,0.001000,0.002000,0.003000,gyro
1786611600348000,0.100000,-9.800000,0.200000,accel
1786611600348000,0.001000,0.002000,0.003000,gyro
1786611600349000,0.100000,-9.800000,0.200000,accel
1786611600349000,0.001000,0.002000,0.003000,gyro
1786611600350000,0.100000,-9.800000,0.200000,accel
1786611600350000,0.001000,0.002000,0.003000,gyro
1786611600351000,0.100000,-9.800000,0.200000,accel
1786611600351000,0.001000,0.002000,0.003000,gyro
1786611600352000,0.100000,-9.800000,0.200000,accel
1786611600352000,0.001000,0.002000,0.003000,gyro
1786611600353000,0.100000,-9.800000,0.200000,accel
1786611600353000,0.001000,0.002000,0.003000,gyro
1786611600354000,0.100000,-9.800000,0.200000,accel
1786611600354000,0.001000,0.002000,0.003000,gyro
1786611600355000,0.100000,-9.800000,0.200000,accel
1786611600355000,0.001000,0.002000,0.003000,gyro
1786611600356000,0.100000,-9.800000,0.200000,accel
1786611600356000,0.001000,0.002000,0.003000,gyro
1786611600357000,0.100000,-9.800000,0.200000,accel
1786611600357000,0.001000,0.002000,0.003000,gyro
1786611600358000,0.100000,-9.800000,0.200000,accel
1786611600358000,0.001000,0.002000,0.003000,gyro
1786611600359000,0.100000,-9.800000,0.200000,accel
1786611600359000,0.001000,0.002000,0.003000,gyro
1786611600360000,0.100000,-9.800000,0.200000,accel
1786611600360000,0.001000,0.002000,0.003000,gyro
1786611600361000,0.100000,-9.800000,0.200000,accel
1786611600361000,0.001000,0.002000,0.003000,gyro
1786611600362000,0.100000,-9.800000,0.200000,accel
1786611600362000,0.001000,0.002000,0.003000,gyro
1786611600363000,0.100000,-9.800000,0.200000,accel
1786611600363000,0.001000,0.002000,0.003000,gyro
1786611600364000,0.100000,-9.800000,0.200000,accel
1786611600364000,0.001000,0.002000,0.003000,gyro
1786611600365000,0.100000,-9.800000,0.200000,accel
1786611600365000,0.001000,0.002000,0.003000,gyro
1786611600366000,0.100000,-9.800000,0.200000,accel
1786611600366000,0.001000,0.002000,0.003000,gyro
1786611600367000,0.100000,-9.800000,0.200000,accel
1786611600367000,0.001000,0.002000,0.003000,gyro
1786611600368000,0.100000,-9.800000,0.200000,accel
1786611600368000,0.001000,0.002000,0.003000,gyro
1786611600369000,0.100000,-9.800000,0.200000,accel
1786611600369000,0.001000,0.002000,0.003000,gyro
1786611600370000,0.100000,-9.800000,0.200000,accel
1786611600370000,0.001000,0.002000,0.003000,gyro
1786611600371000,0.100000,-9.800000,0.200000,accel
1786611600371000,0.001000,0.002000,0.003000,gyro
1786611600372000,0.100000,-9.800000,0.200000,accel
1786611600372000,0.001000,0.002000,0.003000,gyro
1786611600373000,0.100000,-9.800000,0.200000,accel
1786611600373000,0.001000,0.002000,0.003000,gyro
1786611600374000,0.100000,-9.800000,0.200000,accel
1786611600374000,0.001000,0.002000,0.003000,gyro
1786611600375000,0.100000,-9.800000,0.200000,accel
1786611600375000,0.001000,0.002000,0.003000,gyro
1786611600376000,0.100000,-9.800000,0.200000,accel
1786611600376000,0.001000,0.002000,0.003000,gyro
1786611600377000,0.100000,-9.800000,0.200000,accel
1786611600377000,0.001000,0.002000,0.003000,gyro
1786611600378000,0.100000,-9.800000,0.200000,accel
1786611600378000,0.001000,0.002000,0.003000,gyro
1786611600379000,0.100000,-9.800000,0.200000,accel
1786611600379000,0.001000,0.002000,0.003000,gyro
1786611600380000,0.100000,-9.800000,0.200000,accel
1786611600380000,0.001000,0.002000,0.003000,gyro
1786611600381000,0.100000,-9.800000,0.200000,accel
1786611600381000,0.001000,0.002000,0.003000,gyro
1786611600382000,0.100000,-9.800000,0.200000,accel
1786611600382000,0.001000,0.002000,0.003000,gyro
1786611600383000,0.100000,-9.800000,0.200000,accel
1786611600383000,0.001000,0.002000,0.003000,gyro
1786611600384000,0.100000,-9.800000,0.200000,accel
1786611600384000,0.001000,0.002000,0.003000,gyro
1786611600385000,0.100000,-9.800000,0.200000,accel
1786611600385000,0.001000,0.002000,0.003000,gyro
1786611600386000,0.100000,-9.800000,0.200000,accel
1786611600386000,0.001000,0.002000,0.003000,gyro
1786611600387000,0.100000,-9.800000,0.200000,accel
1786611600387000,0.001000,0.002000,0.003000,gyro
1786611600388000,0.100000,-9.800000,0.200000,accel
1786611600388000,0.001000,0.002000,0.003000,gyro
1786611600389000,0.100000,-9.800000,0.200000,accel
1786611600389000,0.001000,0.002000,0.003000,gyro
1786611600390000,0.100000,-9.800000,0.200000,accel
1786611600390000,0.001000,0.002000,0.003000,gyro
1786611600391000,0.100000,-9.800000,0.200000,accel
1786611600391000,0.001000,0.002000,0.003000,gyro
1786611600392000,0.100000,-9.800000,0.200000,accel
1786611600392000,0.001000,0.002000,0.003000,gyro
1786611600393000,0.100000,-9.800000,0.200000,accel
1786611600393000,0.001000,0.002000,0.003000,gyro
1786611600394000,0.100000,-9.800000,0.200000,accel
1786611600394000,0.001000,0.002000,0.003000,gyro
1786611600395000,0.100000,-9.800000,0.200000,accel
1786611600395000,0.001000,0.002000,0.003000,gyro
1786611600396000,0.100000,-9.800000,0.200000,accel
1786611600396000,0.001000,0.002000,0.003000,gyro
1786611600397000,0.100000,-9.800000,0.200000,accel
1786611600397000,0.001000,0.002000,0.003000,gyro
1786611600398000,0.100000,-9.800000,0.200000,accel
1786611600398000,0.001000,0.002000,0.003000,gyro
1786611600399000,0.100000,-9.800000,0.200000,accel
1786611600399000,0.001000,0.002000,0.003000,gyro
1786611600400000,0.100000,-9.800000,0.200000,accel
1786611600400000,0.001000,0.002000,0.003000,gyro
1786611600401000,0.100000,-9.800000,0.200000,accel
1786611600401000,0.001000,0.002000,0.003000,gyro
1786611600402000,0.100000,-9.800000,0.200000,accel
1786611600402000,0.001000,0.002000,0.003000,gyro
1786611600403000,0.100000,-9.800000,0.200000,accel
1786611600403000,0.001000,0.002000,0.003000,gyro
1786611600404000,0.100000,-9.800000,0.200000,accel
1786611600404000,0.001000,0.002000,0.003000,gyro
1786611600405000,0.100000,-9.800000,0.200000,accel
1786611600405000,0.001000,0.002000,0.003000,gyro
1786611600406000,0.100000,-9.800000,0.200000,accel
1786611600406000,0.001000,0.002000,0.003000,gyro
1786611600407000,0.100000,-9.800000,0.200000,accel
1786611600407000,0.001000,0.002000,0.003000,gyro
1786611600408000,0.100000,-9.800000,0.200000,accel
1786611600408000,0.001000,0.002000,0.003000,gyro
1786611600409000,0.100000,-9.800000,0.200000,accel
1786611600409000,0.001000,0.002000,0.003000,gyro
1786611600410000,0.100000,-9.800000,0.200000,accel
1786611600410000,0.001000,0.002000,0.003000,gyro
1786611600411000,0.100000,-9.800000,0.200000,accel
1786611600411000,0.001000,0.002000,0.003000,gyro
1786611600412000,0.100000,-9.800000,0.200000,accel
1786611600412000,0.001000,0.002000,0.003000,gyro
1786611600413000,0.100000,-9.800000,0.200000,accel
1786611600413000,0.001000,0.002000,0.003000,gyro
1786611600414000,0.100000,-9.800000,0.200000,accel
1786611600414000,0.001000,0.002000,0.003000,gyro
1786611600415000,0.100000,-9.800000,0.200000,accel
1786611600415000,0.001000,0.002000,0.003000,gyro
1786611600416000,0.100000,-9.800000,0.200000,accel
1786611600416000,0.001000,0.002000,0.003000,gyro
1786611600417000,0.100000,-9.800000,0.200000,accel
1786611600417000,0.001000,0.002000,0.003000,gyro
1786611600418000,0.100000,-9.800000,0.200000,accel
1786611600418000,0.001000,0.002000,0.003000,gyro
1786611600419000,0.100000,-9.800000,0.200000,accel
1786611600419000,0.001000,0.002000,0.003000,gyro
1786611600420000,0.100000,-9.800000,0.200000,accel
1786611600420000,0.001000,0.002000,0.003000,gyro
1786611600421000,0.100000,-9.800000,0.200000,accel
1786611600421000,0.001000,0.002000,0.003000,gyro
1786611600422000,0.100000,-9.800000,0.200000,accel
1786611600422000,0.001000,0.002000,0.003000,gyro
1786611600423000,0.100000,-9.800000,0.200000,accel
1786611600423000,0.001000,0.002000,0.003000,gyro
1786611600424000,0.100000,-9.800000,0.200000,accel
1786611600424000,0.001000,0.002000,0.003000,gyro
1786611600425000,0.100000,-9.800000,0.200000,accel
1786611600425000,0.001000,0.002000,0.003000,gyro
1786611600426000,0.100000,-9.800000,0.200000,accel
1786611600426000,0.001000,0.002000,0.003000,gyro
1786611600427000,0.100000,-9.800000,0.200000,accel
1786611600427000,0.001000,0.002000,0.003000,gyro
1786611600428000,0.100000,-9.800000,0.200000,accel
1786611600428000,0.001000,0.002000,0.003000,gyro
1786611600429000,0.100000,-9.800000,0.200000,accel
1786611600429000,0.001000,0.002000,0.003000,gyro
1786611600430000,0.100000,-9.800000,0.200000,accel
1786611600430000,0.001000,0.002000,0.003000,gyro
1786611600431000,0.100000,-9.800000,0.200000,accel
1786611600431000,0.001000,0.002000,0.003000,gyro
1786611600432000,0.100000,-9.800000,0.200000,accel
1786611600432000,0.001000,0.002000,0.003000,gyro
1786611600433000,0.100000,-9.800000,0.200000,accel
1786611600433000,0.001000,0.002000,0.003000,gyro
1786611600434000,0.100000,-9.800000,0.200000,accel
1786611600434000,0.001000,0.002000,0.003000,gyro
1786611600435000,0.100000,-9.800000,0.200000,accel
1786611600435000,0.001000,0.002000,0.003000,gyro
1786611600436000,0.100000,-9.800000,0.200000,accel
1786611600436000,0.001000,0.002000,0.003000,gyro
1786611600437000,0.100000,-9.800000,0.200000,accel
1786611600437000,0.001000,0.002000,0.003000,gyro
1786611600438000,0.100000,-9.800000,0.200000,accel
1786611600438000,0.001000,0.002000,0.003000,gyro
1786611600439000,0.100000,-9.800000,0.200000,accel
1786611600439000,0.001000,0.002000,0.003000,gyro
1786611600440000,0.100000,-9.800000,0.200000,accel
1786611600440000,0.001000,0.002000,0.003000,gyro
1786611600441000,0.100000,-9.800000,0.200000,accel
1786611600441000,0.001000,0.002000,0.003000,gyro
1786611600442000,0.100000,-9.800000,0.200000,accel
1786611600442000,0.001000,0.002000,0.003000,gyro
1786611600443000,0.100000,-9.800000,0.200000,accel
1786611600443000,0.001000,0.002000,0.003000,gyro
1786611600444000,0.100000,-9.800000,0.200000,accel
1786611600444000,0.001000,0.002000,0.003000,gyro
1786611600445000,0.100000,-9.800000,0.200000,accel
1786611600445000,0.001000,0.002000,0.003000,gyro
1786611600446000,0.100000,-9.800000,0.200000,accel
1786611600446000,0.001000,0.002000,0.003000,gyro
1786611600447000,0.100000,-9.800000,0.200000,accel
1786611600447000,0.001000,0.002000,0.003000,gyro
1786611600448000,0.100000,-9.800000,0.200000,accel
1786611600448000,0.001000,0.002000,0.003000,gyro
1786611600449000,0.100000,-9.800000,0.200000,accel
1786611600449000,0.001000,0.002000,0.003000,gyro
1786611600450000,0.100000,-9.800000,0.200000,accel
1786611600450000,0.001000,0.002000,0.003000,gyro
1786611600451000,0.100000,-9.800000,0.200000,accel
1786611600451000,0.001000,0.002000,0.003000,gyro
1786611600452000,0.100000,-9.800000,0.200000,accel
1786611600452000,0.001000,0.002000,0.003000,gyro
1786611600453000,0.100000,-9.800000,0.200000,accel
1786611600453000,0.001000,0.002000,0.003000,gyro
1786611600454000,0.100000,-9.800000,0.200000,accel
1786611600454000,0.001000,0.002000,0.003000,gyro
1786611600455000,0.100000,-9.800000,0.200000,accel
1786611600455000,0.001000,0.002000,0.003000,gyro
1786611600456000,0.100000,-9.800000,0.200000,accel
1786611600456000,0.001000,0.002000,0.003000,gyro
1786611600457000,0.100000,-9.800000,0.200000,accel
1786611600457000,0.001000,0.002000,0.003000,gyro
1786611600458000,0.100000,-9.800000,0.200000,accel
1786611600458000,0.001000,0.002000,0.003000,gyro
1786611600459000,0.100000,-9.800000,0.200000,accel
1786611600459000,0.001000,0.002000,0.003000,gyro
1786611600460000,0.100000,-9.800000,0.200000,accel
1786611600460000,0.001000,0.002000,0.003000,gyro
1786611600461000,0.100000,-9.800000,0.200000,accel
1786611600461000,0.001000,0.002000,0.003000,gyro
1786611600462000,0.100000,-9.800000,0.200000,accel
1786611600462000,0.001000,0.002000,0.003000,gyro
1786611600463000,0.100000,-9.800000,0.200000,accel
1786611600463000,0.001000,0.002000,0.003000,gyro
1786611600464000,0.100000,-9.800000,0.200000,accel
1786611600464000,0.001000,0.002000,0.003000,gyro
1786611600465000,0.100000,-9.800000,0.200000,accel
1786611600465000,0.001000,0.002000,0.003000,gyro
1786611600466000,0.100000,-9.800000,0.200000,accel
1786611600466000,0.001000,0.002000,0.003000,gyro
1786611600467000,0.100000,-9.800000,0.200000,accel
1786611600467000,0.001000,0.002000,0.003000,gyro
1786611600468000,0.100000,-9.800000,0.200000,accel
1786611600468000,0.001000,0.002000,0.003000,gyro
1786611600469000,0.100000,-9.800000,0.200000,accel
1786611600469000,0.001000,0.002000,0.003000,gyro
1786611600470000,0.100000,-9.800000,0.200000,accel
1786611600470000,0.001000,0.002000,0.003000,gyro
1786611600471000,0.100000,-9.800000,0.200000,accel
1786611600471000,0.001000,0.002000,0.003000,gyro
1786611600472000,0.100000,-9.800000,0.200000,accel
1786611600472000,0.001000,0.002000,0.003000,gyro
1786611600473000,0.100000,-9.800000,0.200000,accel
1786611600473000,0.001000,0.002000,0.003000,gyro
1786611600474000,0.100000,-9.800000,0.200000,accel
1786611600474000,0.001000,0.002000,0.003000,gyro
1786611600475000,0.100000,-9.800000,0.200000,accel
1786611600475000,0.001000,0.002000,0.003000,gyro
1786611600476000,0.100000,-9.800000,0.200000,accel
1786611600476000,0.001000,0.002000,0.003000,gyro
1786611600477000,0.100000,-9.800000,0.200000,accel
1786611600477000,0.001000,0.002000,0.003000,gyro
1786611600478000,0.100000,-9.800000,0.200000,accel
1786611600478000,0.001000,0.002000,0.003000,gyro
1786611600479000,0.100000,-9.800000,0.200000,accel
1786611600479000,0.001000,0.002000,0.003000,gyro
1786611600480000,0.100000,-9.800000,0.200000,accel
1786611600480000,0.001000,0.002000,0.003000,gyro
1786611600481000,0.100000,-9.800000,0.200000,accel
1786611600481000,0.001000,0.002000,0.003000,gyro
1786611600482000,0.100000,-9.800000,0.200000,accel
1786611600482000,0.001000,0.002000,0.003000,gyro
1786611600483000,0.100000,-9.800000,0.200000,accel
1786611600483000,0.001000,0.002000,0.003000,gyro
1786611600484000,0.100000,-9.800000,0.200000,accel
1786611600484000,0.001000,0.002000,0.003000,gyro
1786611600485000,0.100000,-9.800000,0.200000,accel
1786611600485000,0.001000,0.002000,0.003000,gyro
1786611600486000,0.100000,-9.800000,0.200000,accel
1786611600486000,0.001000,0.002000,0.003000,gyro
1786611600487000,0.100000,-9.800000,0.200000,accel
1786611600487000,0.001000,0.002000,0.003000,gyro
1786611600488000,0.100000,-9.800000,0.200000,accel
1786611600488000,0.001000,0.002000,0.003000,gyro
1786611600489000,0.100000,-9.800000,0.200000,accel
1786611600489000,0.001000,0.002000,0.003000,gyro
1786611600490000,0.100000,-9.800000,0.200000,accel
1786611600490000,0.001000,0.002000,0.003000,gyro
1786611600491000,0.100000,-9.800000,0.200000,accel
1786611600491000,0.001000,0.002000,0.003000,gyro
1786611600492000,0.100000,-9.800000,0.200000,accel
1786611600492000,0.001000,0.002000,0.003000,gyro
1786611600493000,0.100000,-9.800000,0.200000,accel
1786611600493000,0.001000,0.002000,0.003000,gyro
1786611600494000,0.100000,-9.800000,0.200000,accel
1786611600494000,0.001000,0.002000,0.003000,gyro
1786611600495000,0.100000,-9.800000,0.200000,accel
1786611600495000,0.001000,0.002000,0.003000,gyro
1786611600496000,0.100000,-9.800000,0.200000,accel
1786611600496000,0.001000,0.002000,0.003000,gyro
1786611600497000,0.100000,-9.800000,0.200000,accel
1786611600497000,0.001000,0.002000,0.003000,gyro
1786611600498000,0.100000,-9.800000,0.200000,accel
1786611600498000,0.001000,0.002000,0.003000,gyro
1786611600499000,0.100000,-9.800000,0.200000,accel
1786611600499000,0.001000,0.002000,0.003000,gyro
1786611600500000,0.100000,-9.800000,0.200000,accel
1786611600500000,0.001000,0.002000,0.003000,gyro
1786611600501000,0.100000,-9.800000,0.200000,accel
1786611600501000,0.001000,0.002000,0.003000,gyro
1786611600502000,0.100000,-9.800000,0.200000,accel
1786611600502000,0.001000,0.002000,0.003000,gyro
1786611600503000,0.100000,-9.800000,0.200000,accel
1786611600503000,0.001000,0.002000,0.003000,gyro
1786611600504000,0.100000,-9.800000,0.200000,accel
1786611600504000,0.001000,0.002000,0.003000,gyro
1786611600505000,0.100000,-9.800000,0.200000,accel
1786611600505000,0.001000,0.002000,0.003000,gyro
1786611600506000,0.100000,-9.800000,0.200000,accel
1786611600506000,0.001000,0.002000,0.003000,gyro
1786611600507000,0.100000,-9.800000,0.200000,accel
1786611600507000,0.001000,0.002000,0.003000,gyro
1786611600508000,0.100000,-9.800000,0.200000,accel
1786611600508000,0.001000,0.002000,0.003000,gyro
1786611600509000,0.100000,-9.800000,0.200000,accel
1786611600509000,0.001000,0.002000,0.003000,gyro
1786611600510000,0.100000,-9.800000,0.200000,accel
1786611600510000,0.001000,0.002000,0.003000,gyro
1786611600511000,0.100000,-9.800000,0.200000,accel
1786611600511000,0.001000,0.002000,0.003000,gyro
1786611600512000,0.100000,-9.800000,0.200000,accel
1786611600512000,0.001000,0.002000,0.003000,gyro
1786611600513000,0.100000,-9.800000,0.200000,accel
1786611600513000,0.001000,0.002000,0.003000,gyro
1786611600514000,0.100000,-9.800000,0.200000,accel
1786611600514000,0.001000,0.002000,0.003000,gyro
1786611600515000,0.100000,-9.800000,0.200000,accel
1786611600515000,0.001000,0.002000,0.003000,gyro
1786611600516000,0.100000,-9.800000,0.200000,accel
1786611600516000,0.001000,0.002000,0.003000,gyro
1786611600517000,0.100000,-9.800000,0.200000,accel
1786611600517000,0.001000,0.002000,0.003000,gyro
1786611600518000,0.100000,-9.800000,0.200000,accel
1786611600518000,0.001000,0.002000,0.003000,gyro
1786611600519000,0.100000,-9.800000,0.200000,accel
1786611600519000,0.001000,0.002000,0.003000,gyro
1786611600520000,0.100000,-9.800000,0.200000,accel
1786611600520000,0.001000,0.002000,0.003000,gyro
1786611600521000,0.100000,-9.800000,0.200000,accel
1786611600521000,0.001000,0.002000,0.003000,gyro
1786611600522000,0.100000,-9.800000,0.200000,accel
1786611600522000,0.001000,0.002000,0.003000,gyro
1786611600523000,0.100000,-9.800000,0.200000,accel
1786611600523000,0.001000,0.002000,0.003000,gyro
1786611600524000,0.100000,-9.800000,0.200000,accel
1786611600524000,0.001000,0.002000,0.003000,gyro
1786611600525000,0.100000,-9.800000,0.200000,accel
1786611600525000,0.001000,0.002000,0.003000,gyro
1786611600526000,0.100000,-9.800000,0.200000,accel
1786611600526000,0.001000,0.002000,0.003000,gyro
1786611600527000,0.100000,-9.800000,0.200000,accel
1786611600527000,0.001000,0.002000,0.003000,gyro
1786611600528000,0.100000,-9.800000,0.200000,accel
1786611600528000,0.001000,0.002000,0.003000,gyro
1786611600529000,0.100000,-9.800000,0.200000,accel
1786611600529000,0.001000,0.002000,0.003000,gyro
1786611600530000,0.100000,-9.800000,0.200000,accel
1786611600530000,0.001000,0.002000,0.003000,gyro
1786611600531000,0.100000,-9.800000,0.200000,accel
1786611600531000,0.001000,0.002000,0.003000,gyro
1786611600532000,0.100000,-9.800000,0.200000,accel
1786611600532000,0.001000,0.002000,0.003000,gyro
1786611600533000,0.100000,-9.800000,0.200000,accel
1786611600533000,0.001000,0.002000,0.003000,gyro
1786611600534000,0.100000,-9.800000,0.200000,accel
1786611600534000,0.001000,0.002000,0.003000,gyro
1786611600535000,0.100000,-9.800000,0.200000,accel
1786611600535000,0.001000,0.002000,0.003000,gyro
1786611600536000,0.100000,-9.800000,0.200000,accel
1786611600536000,0.001000,0.002000,0.003000,gyro
1786611600537000,0.100000,-9.800000,0.200000,accel
1786611600537000,0.001000,0.002000,0.003000,gyro
1786611600538000,0.100000,-9.800000,0.200000,accel
1786611600538000,0.001000,0.002000,0.003000,gyro
1786611600539000,0.100000,-9.800000,0.200000,accel
1786611600539000,0.001000,0.002000,0.003000,gyro
1786611600540000,0.100000,-9.800000,0.200000,accel
1786611600540000,0.001000,0.002000,0.003000,gyro
1786611600541000,0.100000,-9.800000,0.200000,accel
1786611600541000,0.001000,0.002000,0.003000,gyro
1786611600542000,0.100000,-9.800000,0.200000,accel
1786611600542000,0.001000,0.002000,0.003000,gyro
1786611600543000,0.100000,-9.800000,0.200000,accel
1786611600543000,0.001000,0.002000,0.003000,gyro
1786611600544000,0.100000,-9.800000,0.200000,accel
1786611600544000,0.001000,0.002000,0.003000,gyro
1786611600545000,0.100000,-9.800000,0.200000,accel
1786611600545000,0.001000,0.002000,0.003000,gyro
1786611600546000,0.100000,-9.800000,0.200000,accel
1786611600546000,0.001000,0.002000,0.003000,gyro
1786611600547000,0.100000,-9.800000,0.200000,accel
1786611600547000,0.001000,0.002000,0.003000,gyro
1786611600548000,0.100000,-9.800000,0.200000,accel
1786611600548000,0.001000,0.002000,0.003000,gyro
1786611600549000,0.100000,-9.800000,0.200000,accel
1786611600549000,0.001000,0.002000,0.003000,gyro
1786611600550000,0.100000,-9.800000,0.200000,accel
1786611600550000,0.001000,0.002000,0.003000,gyro
1786611600551000,0.100000,-9.800000,0.200000,accel
1786611600551000,0.001000,0.002000,0.003000,gyro
1786611600552000,0.100000,-9.800000,0.200000,accel
1786611600552000,0.001000,0.002000,0.003000,gyro
1786611600553000,0.100000,-9.800000,0.200000,accel
1786611600553000,0.001000,0.002000,0.003000,gyro
1786611600554000,0.100000,-9.800000,0.200000,accel
1786611600554000,0.001000,0.002000,0.003000,gyro
1786611600555000,0.100000,-9.800000,0.200000,accel
1786611600555000,0.001000,0.002000,0.003000,gyro
1786611600556000,0.100000,-9.800000,0.200000,accel
1786611600556000,0.001000,0.002000,0.003000,gyro
1786611600557000,0.100000,-9.800000,0.200000,accel
1786611600557000,0.001000,0.002000,0.003000,gyro
1786611600558000,0.100000,-9.800000,0.200000,accel
1786611600558000,0.001000,0.002000,0.003000,gyro
1786611600559000,0.100000,-9.800000,0.200000,accel
1786611600559000,0.001000,0.002000,0.003000,gyro
1786611600560000,0.100000,-9.800000,0.200000,accel
1786611600560000,0.001000,0.002000,0.003000,gyro
1786611600561000,0.100000,-9.800000,0.200000,accel
1786611600561000,0.001000,0.002000,0.003000,gyro
1786611600562000,0.100000,-9.800000,0.200000,accel
1786611600562000,0.001000,0.002000,0.003000,gyro
1786611600563000,0.100000,-9.800000,0.200000,accel
1786611600563000,0.001000,0.002000,0.003000,gyro
1786611600564000,0.100000,-9.800000,0.200000,accel
1786611600564000,0.001000,0.002000,0.003000,gyro
1786611600565000,0.100000,-9.800000,0.200000,accel
1786611600565000,0.001000,0.002000,0.003000,gyro
1786611600566000,0.100000,-9.800000,0.200000,accel
1786611600566000,0.001000,0.002000,0.003000,gyro
1786611600567000,0.100000,-9.800000,0.200000,accel
1786611600567000,0.001000,0.002000,0.003000,gyro
1786611600568000,0.100000,-9.800000,0.200000,accel
1786611600568000,0.001000,0.002000,0.003000,gyro
1786611600569000,0.100000,-9.800000,0.200000,accel
1786611600569000,0.001000,0.002000,0.003000,gyro
1786611600570000,0.100000,-9.800000,0.200000,accel
1786611600570000,0.001000,0.002000,0.003000,gyro
1786611600571000,0.100000,-9.800000,0.200000,accel
1786611600571000,0.001000,0.002000,0.003000,gyro
1786611600572000,0.100000,-9.800000,0.200000,accel
1786611600572000,0.001000,0.002000,0.003000,gyro
1786611600573000,0.100000,-9.800000,0.200000,accel
1786611600573000,0.001000,0.002000,0.003000,gyro
1786611600574000,0.100000,-9.800000,0.200000,accel
1786611600574000,0.001000,0.002000,0.003000,gyro
1786611600575000,0.100000,-9.800000,0.200000,accel
1786611600575000,0.001000,0.002000,0.003000,gyro
1786611600576000,0.100000,-9.800000,0.200000,accel
1786611600576000,0.001000,0.002000,0.003000,gyro
1786611600577000,0.100000,-9.800000,0.200000,accel
1786611600577000,0.001000,0.002000,0.003000,gyro
1786611600578000,0.100000,-9.800000,0.200000,accel
1786611600578000,0.001000,0.002000,0.003000,gyro
1786611600579000,0.100000,-9.800000,0.200000,accel
1786611600579000,0.001000,0.002000,0.003000,gyro
1786611600580000,0.100000,-9.800000,0.200000,accel
1786611600580000,0.001000,0.002000,0.003000,gyro
1786611600581000,0.100000,-9.800000,0.200000,accel
1786611600581000,0.001000,0.002000,0.003000,gyro
1786611600582000,0.100000,-9.800000,0.200000,accel
1786611600582000,0.001000,0.002000,0.003000,gyro
1786611600583000,0.100000,-9.800000,0.200000,accel
1786611600583000,0.001000,0.002000,0.003000,gyro
1786611600584000,0.100000,-9.800000,0.200000,accel
1786611600584000,0.001000,0.002000,0.003000,gyro
1786611600585000,0.100000,-9.800000,0.200000,accel
1786611600585000,0.001000,0.002000,0.003000,gyro
1786611600586000,0.100000,-9.800000,0.200000,accel
1786611600586000,0.001000,0.002000,0.003000,gyro
1786611600587000,0.100000,-9.800000,0.200000,accel
1786611600587000,0.001000,0.002000,0.003000,gyro
1786611600588000,0.100000,-9.800000,0.200000,accel
1786611600588000,0.001000,0.002000,0.003000,gyro
1786611600589000,0.100000,-9.800000,0.200000,accel
1786611600589000,0.001000,0.002000,0.003000,gyro
1786611600590000,0.100000,-9.800000,0.200000,accel
1786611600590000,0.001000,0.002000,0.003000,gyro
1786611600591000,0.100000,-9.800000,0.200000,accel
1786611600591000,0.001000,0.002000,0.003000,gyro
1786611600592000,0.100000,-9.800000,0.200000,accel
1786611600592000,0.001000,0.002000,0.003000,gyro
1786611600593000,0.100000,-9.800000,0.200000,accel
1786611600593000,0.001000,0.002000,0.003000,gyro
1786611600594000,0.100000,-9.800000,0.200000,accel
1786611600594000,0.001000,0.002000,0.003000,gyro
1786611600595000,0.100000,-9.800000,0.200000,accel
1786611600595000,0.001000,0.002000,0.003000,gyro
1786611600596000,0.100000,-9.800000,0.200000,accel
1786611600596000,0.001000,0.002000,0.003000,gyro
1786611600597000,0.100000,-9.800000,0.200000,accel
1786611600597000,0.001000,0.002000,0.003000,gyro
1786611600598000,0.100000,-9.800000,0.200000,accel
1786611600598000,0.001000,0.002000,0.003000,gyro
1786611600599000,0.100000,-9.800000,0.200000,accel
1786611600599000,0.001000,0.002000,0.003000,gyro
1786611600600000,0.100000,-9.800000,0.200000,accel
1786611600600000,0.001000,0.002000,0.003000,gyro
1786611600601000,0.100000,-9.800000,0.200000,accel
1786611600601000,0.001000,0.002000,0.003000,gyro
1786611600602000,0.100000,-9.800000,0.200000,accel
1786611600602000,0.001000,0.002000,0.003000,gyro
1786611600603000,0.100000,-9.800000,0.200000,accel
1786611600603000,0.001000,0.002000,0.003000,gyro
1786611600604000,0.100000,-9.800000,0.200000,accel
1786611600604000,0.001000,0.002000,0.003000,gyro
1786611600605000,0.100000,-9.800000,0.200000,accel
1786611600605000,0.001000,0.002000,0.003000,gyro
1786611600606000,0.100000,-9.800000,0.200000,accel
1786611600606000,0.001000,0.002000,0.003000,gyro
1786611600607000,0.100000,-9.800000,0.200000,accel
1786611600607000,0.001000,0.002000,0.003000,gyro
1786611600608000,0.100000,-9.800000,0.200000,accel
1786611600608000,0.001000,0.002000,0.003000,gyro
1786611600609000,0.100000,-9.800000,0.200000,accel
1786611600609000,0.001000,0.002000,0.003000,gyro
1786611600610000,0.100000,-9.800000,0.200000,accel
1786611600610000,0.001000,0.002000,0.003000,gyro
1786611600611000,0.100000,-9.800000,0.200000,accel
1786611600611000,0.001000,0.002000,0.003000,gyro
1786611600612000,0.100000,-9.800000,0.200000,accel
1786611600612000,0.001000,0.002000,0.003000,gyro
1786611600613000,0.100000,-9.800000,0.200000,accel
1786611600613000,0.001000,0.002000,0.003000,gyro
1786611600614000,0.100000,-9.800000,0.200000,accel
1786611600614000,0.001000,0.002000,0.003000,gyro
1786611600615000,0.100000,-9.800000,0.200000,accel
1786611600615000,0.001000,0.002000,0.003000,gyro
1786611600616000,0.100000,-9.800000,0.200000,accel
1786611600616000,0.001000,0.002000,0.003000,gyro
1786611600617000,0.100000,-9.800000,0.200000,accel
1786611600617000,0.001000,0.002000,0.003000,gyro
1786611600618000,0.100000,-9.800000,0.200000,accel
1786611600618000,0.001000,0.002000,0.003000,gyro
1786611600619000,0.100000,-9.800000,0.200000,accel
1786611600619000,0.001000,0.002000,0.003000,gyro
1786611600620000,0.100000,-9.800000,0.200000,accel
1786611600620000,0.001000,0.002000,0.003000,gyro
1786611600621000,0.100000,-9.800000,0.200000,accel
1786611600621000,0.001000,0.002000,0.003000,gyro
1786611600622000,0.100000,-9.800000,0.200000,accel
1786611600622000,0.001000,0.002000,0.003000,gyro
1786611600623000,0.100000,-9.800000,0.200000,accel
1786611600623000,0.001000,0.002000,0.003000,gyro
1786611600624000,0.100000,-9.800000,0.200000,accel
1786611600624000,0.001000,0.002000,0.003000,gyro
1786611600625000,0.100000,-9.800000,0.200000,accel
1786611600625000,0.001000,0.002000,0.003000,gyro
1786611600626000,0.100000,-9.800000,0.200000,accel
1786611600626000,0.001000,0.002000,0.003000,gyro
1786611600627000,0.100000,-9.800000,0.200000,accel
1786611600627000,0.001000,0.002000,0.003000,gyro
1786611600628000,0.100000,-9.800000,0.200000,accel
1786611600628000,0.001000,0.002000,0.003000,gyro
1786611600629000,0.100000,-9.800000,0.200000,accel
1786611600629000,0.001000,0.002000,0.003000,gyro
1786611600630000,0.100000,-9.800000,0.200000,accel
1786611600630000,0.001000,0.002000,0.003000,gyro
1786611600631000,0.100000,-9.800000,0.200000,accel
1786611600631000,0.001000,0.002000,0.003000,gyro
1786611600632000,0.100000,-9.800000,0.200000,accel
1786611600632000,0.001000,0.002000,0.003000,gyro
1786611600633000,0.100000,-9.800000,0.200000,accel
1786611600633000,0.001000,0.002000,0.003000,gyro
1786611600634000,0.100000,-9.800000,0.200000,accel
1786611600634000,0.001000,0.002000,0.003000,gyro
1786611600635000,0.100000,-9.800000,0.200000,accel
1786611600635000,0.001000,0.002000,0.003000,gyro
1786611600636000,0.100000,-9.800000,0.200000,accel
1786611600636000,0.001000,0.002000,0.003000,gyro
1786611600637000,0.100000,-9.800000,0.200000,accel
1786611600637000,0.001000,0.002000,0.003000,gyro
1786611600638000,0.100000,-9.800000,0.200000,accel
1786611600638000,0.001000,0.002000,0.003000,gyro
1786611600639000,0.100000,-9.800000,0.200000,accel
1786611600639000,0.001000,0.002000,0.003000,gyro
1786611600640000,0.100000,-9.800000,0.200000,accel
1786611600640000,0.001000,0.002000,0.003000,gyro
1786611600641000,0.100000,-9.800000,0.200000,accel
1786611600641000,0.001000,0.002000,0.003000,gyro
1786611600642000,0.100000,-9.800000,0.200000,accel
1786611600642000,0.001000,0.002000,0.003000,gyro
1786611600643000,0.100000,-9.800000,0.200000,accel
1786611600643000,0.001000,0.002000,0.003000,gyro
1786611600644000,0.100000,-9.800000,0.200000,accel
1786611600644000,0.001000,0.002000,0.003000,gyro
1786611600645000,0.100000,-9.800000,0.200000,accel
1786611600645000,0.001000,0.002000,0.003000,gyro
1786611600646000,0.100000,-9.800000,0.200000,accel
1786611600646000,0.001000,0.002000,0.003000,gyro
1786611600647000,0.100000,-9.800000,0.200000,accel
1786611600647000,0.001000,0.002000,0.003000,gyro
1786611600648000,0.100000,-9.800000,0.200000,accel
1786611600648000,0.001000,0.002000,0.003000,gyro
1786611600649000,0.100000,-9.800000,0.200000,accel
1786611600649000,0.001000,0.002000,0.003000,gyro
1786611600650000,0.100000,-9.800000,0.200000,accel
1786611600650000,0.001000,0.002000,0.003000,gyro
1786611600651000,0.100000,-9.800000,0.200000,accel
1786611600651000,0.001000,0.002000,0.003000,gyro
1786611600652000,0.100000,-9.800000,0.200000,accel
1786611600652000,0.001000,0.002000,0.003000,gyro
1786611600653000,0.100000,-9.800000,0.200000,accel
1786611600653000,0.001000,0.002000,0.003000,gyro
1786611600654000,0.100000,-9.800000,0.200000,accel
1786611600654000,0.001000,0.002000,0.003000,gyro
1786611600655000,0.100000,-9.800000,0.200000,accel
1786611600655000,0.001000,0.002000,0.003000,gyro
1786611600656000,0.100000,-9.800000,0.200000,accel
1786611600656000,0.001000,0.002000,0.003000,gyro
1786611600657000,0.100000,-9.800000,0.200000,accel
1786611600657000,0.001000,0.002000,0.003000,gyro
1786611600658000,0.100000,-9.800000,0.200000,accel
1786611600658000,0.001000,0.002000,0.003000,gyro
1786611600659000,0.100000,-9.800000,0.200000,accel
1786611600659000,0.001000,0.002000,0.003000,gyro
1786611600660000,0.100000,-9.800000,0.200000,accel
1786611600660000,0.001000,0.002000,0.003000,gyro
1786611600661000,0.100000,-9.800000,0.200000,accel
1786611600661000,0.001000,0.002000,0.003000,gyro
1786611600662000,0.100000,-9.800000,0.200000,accel
1786611600662000,0.001000,0.002000,0.003000,gyro
1786611600663000,0.100000,-9.800000,0.200000,accel
1786611600663000,0.001000,0.002000,0.003000,gyro
1786611600664000,0.100000,-9.800000,0.200000,accel
1786611600664000,0.001000,0.002000,0.003000,gyro
1786611600665000,0.100000,-9.800000,0.200000,accel
1786611600665000,0.001000,0.002000,0.003000,gyro
1786611600666000,0.100000,-9.800000,0.200000,accel
1786611600666000,0.001000,0.002000,0.003000,gyro
1786611600667000,0.100000,-9.800000,0.200000,accel
1786611600667000,0.001000,0.002000,0.003000,gyro
1786611600668000,0.100000,-9.800000,0.200000,accel
1786611600668000,0.001000,0.002000,0.003000,gyro
1786611600669000,0.100000,-9.800000,0.200000,accel
1786611600669000,0.001000,0.002000,0.003000,gyro
1786611600670000,0.100000,-9.800000,0.200000,accel
1786611600670000,0.001000,0.002000,0.003000,gyro
1786611600671000,0.100000,-9.800000,0.200000,accel
1786611600671000,0.001000,0.002000,0.003000,gyro
1786611600672000,0.100000,-9.800000,0.200000,accel
1786611600672000,0.001000,0.002000,0.003000,gyro
1786611600673000,0.100000,-9.800000,0.200000,accel
1786611600673000,0.001000,0.002000,0.003000,gyro
1786611600674000,0.100000,-9.800000,0.200000,accel
1786611600674000,0.001000,0.002000,0.003000,gyro
1786611600675000,0.100000,-9.800000,0.200000,accel
1786611600675000,0.001000,0.002000,0.003000,gyro
1786611600676000,0.100000,-9.800000,0.200000,accel
1786611600676000,0.001000,0.002000,0.003000,gyro
1786611600677000,0.100000,-9.800000,0.200000,accel
1786611600677000,0.001000,0.002000,0.003000,gyro
1786611600678000,0.100000,-9.800000,0.200000,accel
1786611600678000,0.001000,0.002000,0.003000,gyro
1786611600679000,0.100000,-9.800000,0.200000,accel
1786611600679000,0.001000,0.002000,0.003000,gyro
1786611600680000,0.100000,-9.800000,0.200000,accel
1786611600680000,0.001000,0.002000,0.003000,gyro
1786611600681000,0.100000,-9.800000,0.200000,accel
1786611600681000,0.001000,0.002000,0.003000,gyro
1786611600682000,0.100000,-9.800000,0.200000,accel
1786611600682000,0.001000,0.002000,0.003000,gyro
1786611600683000,0.100000,-9.800000,0.200000,accel
1786611600683000,0.001000,0.002000,0.003000,gyro
1786611600684000,0.100000,-9.800000,0.200000,accel
1786611600684000,0.001000,0.002000,0.003000,gyro
1786611600685000,0.100000,-9.800000,0.200000,accel
1786611600685000,0.001000,0.002000,0.003000,gyro
1786611600686000,0.100000,-9.800000,0.200000,accel
1786611600686000,0.001000,0.002000,0.003000,gyro
1786611600687000,0.100000,-9.800000,0.200000,accel
1786611600687000,0.001000,0.002000,0.003000,gyro
1786611600688000,0.100000,-9.800000,0.200000,accel
1786611600688000,0.001000,0.002000,0.003000,gyro
1786611600689000,0.100000,-9.800000,0.200000,accel
1786611600689000,0.001000,0.002000,0.003000,gyro
1786611600690000,0.100000,-9.800000,0.200000,accel
1786611600690000,0.001000,0.002000,0.003000,gyro
1786611600691000,0.100000,-9.800000,0.200000,accel
1786611600691000,0.001000,0.002000,0.003000,gyro
1786611600692000,0.100000,-9.800000,0.200000,accel
1786611600692000,0.001000,0.002000,0.003000,gyro
1786611600693000,0.100000,-9.800000,0.200000,accel
1786611600693000,0.001000,0.002000,0.003000,gyro
1786611600694000,0.100000,-9.800000,0.200000,accel
1786611600694000,0.001000,0.002000,0.003000,gyro
1786611600695000,0.100000,-9.800000,0.200000,accel
1786611600695000,0.001000,0.002000,0.003000,gyro
1786611600696000,0.100000,-9.800000,0.200000,accel
1786611600696000,0.001000,0.002000,0.003000,gyro
1786611600697000,0.100000,-9.800000,0.200000,accel
1786611600697000,0.001000,0.002000,0.003000,gyro
1786611600698000,0.100000,-9.800000,0.200000,accel
1786611600698000,0.001000,0.002000,0.003000,gyro
1786611600699000,0.100000,-9.800000,0.200000,accel
1786611600699000,0.001000,0.002000,0.003000,gyro
1786611600700000,0.100000,-9.800000,0.200000,accel
1786611600700000,0.001000,0.002000,0.003000,gyro
1786611600701000,0.100000,-9.800000,0.200000,accel
1786611600701000,0.001000,0.002000,0.003000,gyro
1786611600702000,0.100000,-9.800000,0.200000,accel
1786611600702000,0.001000,0.002000,0.003000,gyro
1786611600703000,0.100000,-9.800000,0.200000,accel
1786611600703000,0.001000,0.002000,0.003000,gyro
1786611600704000,0.100000,-9.800000,0.200000,accel
1786611600704000,0.001000,0.002000,0.003000,gyro
1786611600705000,0.100000,-9.800000,0.200000,accel
1786611600705000,0.001000,0.002000,0.003000,gyro
1786611600706000,0.100000,-9.800000,0.200000,accel
1786611600706000,0.001000,0.002000,0.003000,gyro
1786611600707000,0.100000,-9.800000,0.200000,accel
1786611600707000,0.001000,0.002000,0.003000,gyro
1786611600708000,0.100000,-9.800000,0.200000,accel
1786611600708000,0.001000,0.002000,0.003000,gyro
1786611600709000,0.100000,-9.800000,0.200000,accel
1786611600709000,0.001000,0.002000,0.003000,gyro
1786611600710000,0.100000,-9.800000,0.200000,accel
1786611600710000,0.001000,0.002000,0.003000,gyro
1786611600711000,0.100000,-9.800000,0.200000,accel
1786611600711000,0.001000,0.002000,0.003000,gyro
1786611600712000,0.100000,-9.800000,0.200000,accel
1786611600712000,0.001000,0.002000,0.003000,gyro
1786611600713000,0.100000,-9.800000,0.200000,accel
1786611600713000,0.001000,0.002000,0.003000,gyro
1786611600714000,0.100000,-9.800000,0.200000,accel
1786611600714000,0.001000,0.002000,0.003000,gyro
1786611600715000,0.100000,-9.800000,0.200000,accel
1786611600715000,0.001000,0.002000,0.003000,gyro
1786611600716000,0.100000,-9.800000,0.200000,accel
1786611600716000,0.001000,0.002000,0.003000,gyro
1786611600717000,0.100000,-9.800000,0.200000,accel
1786611600717000,0.001000,0.002000,0.003000,gyro
1786611600718000,0.100000,-9.800000,0.200000,accel
1786611600718000,0.001000,0.002000,0.003000,gyro
1786611600719000,0.100000,-9.800000,0.200000,accel
1786611600719000,0.001000,0.002000,0.003000,gyro
1786611600720000,0.100000,-9.800000,0.200000,accel
1786611600720000,0.001000,0.002000,0.003000,gyro
1786611600721000,0.100000,-9.800000,0.200000,accel
1786611600721000,0.001000,0.002000,0.003000,gyro
1786611600722000,0.100000,-9.800000,0.200000,accel
1786611600722000,0.001000,0.002000,0.003000,gyro
1786611600723000,0.100000,-9.800000,0.200000,accel
1786611600723000,0.001000,0.002000,0.003000,gyro
1786611600724000,0.100000,-9.800000,0.200000,accel
1786611600724000,0.001000,0.002000,0.003000,gyro
1786611600725000,0.100000,-9.800000,0.200000,accel
1786611600725000,0.001000,0.002000,0.003000,gyro
1786611600726000,0.100000,-9.800000,0.200000,accel
1786611600726000,0.001000,0.002000,0.003000,gyro
1786611600727000,0.100000,-9.800000,0.200000,accel
1786611600727000,0.001000,0.002000,0.003000,gyro
1786611600728000,0.100000,-9.800000,0.200000,accel
1786611600728000,0.001000,0.002000,0.003000,gyro
1786611600729000,0.100000,-9.800000,0.200000,accel
1786611600729000,0.001000,0.002000,0.003000,gyro
1786611600730000,0.100000,-9.800000,0.200000,accel
1786611600730000,0.001000,0.002000,0.003000,gyro
1786611600731000,0.100000,-9.800000,0.200000,accel
1786611600731000,0.001000,0.002000,0.003000,gyro
1786611600732000,0.100000,-9.800000,0.200000,accel
1786611600732000,0.001000,0.002000,0.003000,gyro
1786611600733000,0.100000,-9.800000,0.200000,accel
1786611600733000,0.001000,0.002000,0.003000,gyro
1786611600734000,0.100000,-9.800000,0.200000,accel
1786611600734000,0.001000,0.002000,0.003000,gyro
1786611600735000,0.100000,-9.800000,0.200000,accel
1786611600735000,0.001000,0.002000,0.003000,gyro
1786611600736000,0.100000,-9.800000,0.200000,accel
1786611600736000,0.001000,0.002000,0.003000,gyro
1786611600737000,0.100000,-9.800000,0.200000,accel
1786611600737000,0.001000,0.002000,0.003000,gyro
1786611600738000,0.100000,-9.800000,0.200000,accel
1786611600738000,0.001000,0.002000,0.003000,gyro
1786611600739000,0.100000,-9.800000,0.200000,accel
1786611600739000,0.001000,0.002000,0.003000,gyro
1786611600740000,0.100000,-9.800000,0.200000,accel
1786611600740000,0.001000,0.002000,0.003000,gyro
1786611600741000,0.100000,-9.800000,0.200000,accel
1786611600741000,0.001000,0.002000,0.003000,gyro
1786611600742000,0.100000,-9.800000,0.200000,accel
1786611600742000,0.001000,0.002000,0.003000,gyro
1786611600743000,0.100000,-9.800000,0.200000,accel
1786611600743000,0.001000,0.002000,0.003000,gyro
1786611600744000,0.100000,-9.800000,0.200000,accel
1786611600744000,0.001000,0.002000,0.003000,gyro
1786611600745000,0.100000,-9.800000,0.200000,accel
1786611600745000,0.001000,0.002000,0.003000,gyro
1786611600746000,0.100000,-9.800000,0.200000,accel
1786611600746000,0.001000,0.002000,0.003000,gyro
1786611600747000,0.100000,-9.800000,0.200000,accel
1786611600747000,0.001000,0.002000,0.003000,gyro
1786611600748000,0.100000,-9.800000,0.200000,accel
1786611600748000,0.001000,0.002000,0.003000,gyro
1786611600749000,0.100000,-9.800000,0.200000,accel
1786611600749000,0.001000,0.002000,0.003000,gyro
1786611600750000,0.100000,-9.800000,0.200000,accel
1786611600750000,0.001000,0.002000,0.003000,gyro
1786611600751000,0.100000,-9.800000,0.200000,accel
1786611600751000,0.001000,0.002000,0.003000,gyro
1786611600752000,0.100000,-9.800000,0.200000,accel
1786611600752000,0.001000,0.002000,0.003000,gyro
1786611600753000,0.100000,-9.800000,0.200000,accel
1786611600753000,0.001000,0.002000,0.003000,gyro
1786611600754000,0.100000,-9.800000,0.200000,accel
1786611600754000,0.001000,0.002000,0.003000,gyro
1786611600755000,0.100000,-9.800000,0.200000,accel
1786611600755000,0.001000,0.002000,0.003000,gyro
1786611600756000,0.100000,-9.800000,0.200000,accel
1786611600756000,0.001000,0.002000,0.003000,gyro
1786611600757000,0.100000,-9.800000,0.200000,accel
1786611600757000,0.001000,0.002000,0.003000,gyro
1786611600758000,0.100000,-9.800000,0.200000,accel
1786611600758000,0.001000,0.002000,0.003000,gyro
1786611600759000,0.100000,-9.800000,0.200000,accel
1786611600759000,0.001000,0.002000,0.003000,gyro
1786611600760000,0.100000,-9.800000,0.200000,accel
1786611600760000,0.001000,0.002000,0.003000,gyro
1786611600761000,0.100000,-9.800000,0.200000,accel
1786611600761000,0.001000,0.002000,0.003000,gyro
1786611600762000,0.100000,-9.800000,0.200000,accel
1786611600762000,0.001000,0.002000,0.003000,gyro
1786611600763000,0.100000,-9.800000,0.200000,accel
1786611600763000,0.001000,0.002000,0.003000,gyro
1786611600764000,0.100000,-9.800000,0.200000,accel
1786611600764000,0.001000,0.002000,0.003000,gyro
1786611600765000,0.100000,-9.800000,0.200000,accel
1786611600765000,0.001000,0.002000,0.003000,gyro
1786611600766000,0.100000,-9.800000,0.200000,accel
1786611600766000,0.001000,0.002000,0.003000,gyro
1786611600767000,0.100000,-9.800000,0.200000,accel
1786611600767000,0.001000,0.002000,0.003000,gyro
1786611600768000,0.100000,-9.800000,0.200000,accel
1786611600768000,0.001000,0.002000,0.003000,gyro
1786611600769000,0.100000,-9.800000,0.200000,accel
1786611600769000,0.001000,0.002000,0.003000,gyro
1786611600770000,0.100000,-9.800000,0.200000,accel
1786611600770000,0.001000,0.002000,0.003000,gyro
1786611600771000,0.100000,-9.800000,0.200000,accel
1786611600771000,0.001000,0.002000,0.003000,gyro
1786611600772000,0.100000,-9.800000,0.200000,accel
1786611600772000,0.001000,0.002000,0.003000,gyro
1786611600773000,0.100000,-9.800000,0.200000,accel
1786611600773000,0.001000,0.002000,0.003000,gyro
1786611600774000,0.100000,-9.800000,0.200000,accel
1786611600774000,0.001000,0.002000,0.003000,gyro
1786611600775000,0.100000,-9.800000,0.200000,accel
1786611600775000,0.001000,0.002000,0.003000,gyro
1786611600776000,0.100000,-9.800000,0.200000,accel
1786611600776000,0.001000,0.002000,0.003000,gyro
1786611600777000,0.100000,-9.800000,0.200000,accel
1786611600777000,0.001000,0.002000,0.003000,gyro
1786611600778000,0.100000,-9.800000,0.200000,accel
1786611600778000,0.001000,0.002000,0.003000,gyro
1786611600779000,0.100000,-9.800000,0.200000,accel
1786611600779000,0.001000,0.002000,0.003000,gyro
1786611600780000,0.100000,-9.800000,0.200000,accel
1786611600780000,0.001000,0.002000,0.003000,gyro
1786611600781000,0.100000,-9.800000,0.200000,accel
1786611600781000,0.001000,0.002000,0.003000,gyro
1786611600782000,0.100000,-9.800000,0.200000,accel
1786611600782000,0.001000,0.002000,0.003000,gyro
1786611600783000,0.100000,-9.800000,0.200000,accel
1786611600783000,0.001000,0.002000,0.003000,gyro
1786611600784000,0.100000,-9.800000,0.200000,accel
1786611600784000,0.001000,0.002000,0.003000,gyro
1786611600785000,0.100000,-9.800000,0.200000,accel
1786611600785000,0.001000,0.002000,0.003000,gyro
1786611600786000,0.100000,-9.800000,0.200000,accel
1786611600786000,0.001000,0.002000,0.003000,gyro
1786611600787000,0.100000,-9.800000,0.200000,accel
1786611600787000,0.001000,0.002000,0.003000,gyro
1786611600788000,0.100000,-9.800000,0.200000,accel
1786611600788000,0.001000,0.002000,0.003000,gyro
1786611600789000,0.100000,-9.800000,0.200000,accel
1786611600789000,0.001000,0.002000,0.003000,gyro
1786611600790000,0.100000,-9.800000,0.200000,accel
1786611600790000,0.001000,0.002000,0.003000,gyro
1786611600791000,0.100000,-9.800000,0.200000,accel
1786611600791000,0.001000,0.002000,0.003000,gyro
1786611600792000,0.100000,-9.800000,0.200000,accel
1786611600792000,0.001000,0.002000,0.003000,gyro
1786611600793000,0.100000,-9.800000,0.200000,accel
1786611600793000,0.001000,0.002000,0.003000,gyro
1786611600794000,0.100000,-9.800000,0.200000,accel
1786611600794000,0.001000,0.002000,0.003000,gyro
1786611600795000,0.100000,-9.800000,0.200000,accel
1786611600795000,0.001000,0.002000,0.003000,gyro
1786611600796000,0.100000,-9.800000,0.200000,accel
1786611600796000,0.001000,0.002000,0.003000,gyro
1786611600797000,0.100000,-9.800000,0.200000,accel
1786611600797000,0.001000,0.002000,0.003000,gyro
1786611600798000,0.100000,-9.800000,0.200000,accel
1786611600798000,0.001000,0.002000,0.003000,gyro
1786611600799000,0.100000,-9.800000,0.200000,accel
1786611600799000,0.001000,0.002000,0.003000,gyro
1786611600800000,0.100000,-9.800000,0.200000,accel
1786611600800000,0.001000,0.002000,0.003000,gyro
1786611600801000,0.100000,-9.800000,0.200000,accel
1786611600801000,0.001000,0.002000,0.003000,gyro
1786611600802000,0.100000,-9.800000,0.200000,accel
1786611600802000,0.001000,0.002000,0.003000,gyro
1786611600803000,0.100000,-9.800000,0.200000,accel
1786611600803000,0.001000,0.002000,0.003000,gyro
1786611600804000,0.100000,-9.800000,0.200000,accel
1786611600804000,0.001000,0.002000,0.003000,gyro
1786611600805000,0.100000,-9.800000,0.200000,accel
1786611600805000,0.001000,0.002000,0.003000,gyro
1786611600806000,0.100000,-9.800000,0.200000,accel
1786611600806000,0.001000,0.002000,0.003000,gyro
1786611600807000,0.100000,-9.800000,0.200000,accel
1786611600807000,0.001000,0.002000,0.003000,gyro
1786611600808000,0.100000,-9.800000,0.200000,accel
1786611600808000,0.001000,0.002000,0.003000,gyro
1786611600809000,0.100000,-9.800000,0.200000,accel
1786611600809000,0.001000,0.002000,0.003000,gyro
1786611600810000,0.100000,-9.800000,0.200000,accel
1786611600810000,0.001000,0.002000,0.003000,gyro
1786611600811000,0.100000,-9.800000,0.200000,accel
1786611600811000,0.001000,0.002000,0.003000,gyro
1786611600812000,0.100000,-9.800000,0.200000,accel
1786611600812000,0.001000,0.002000,0.003000,gyro
1786611600813000,0.100000,-9.800000,0.200000,accel
1786611600813000,0.001000,0.002000,0.003000,gyro
1786611600814000,0.100000,-9.800000,0.200000,accel
1786611600814000,0.001000,0.002000,0.003000,gyro
1786611600815000,0.100000,-9.800000,0.200000,accel
1786611600815000,0.001000,0.002000,0.003000,gyro
1786611600816000,0.100000,-9.800000,0.200000,accel
1786611600816000,0.001000,0.002000,0.003000,gyro
1786611600817000,0.100000,-9.800000,0.200000,accel
1786611600817000,0.001000,0.002000,0.003000,gyro
1786611600818000,0.100000,-9.800000,0.200000,accel
1786611600818000,0.001000,0.002000,0.003000,gyro
1786611600819000,0.100000,-9.800000,0.200000,accel
1786611600819000,0.001000,0.002000,0.003000,gyro
1786611600820000,0.100000,-9.800000,0.200000,accel
1786611600820000,0.001000,0.002000,0.003000,gyro
1786611600821000,0.100000,-9.800000,0.200000,accel
1786611600821000,0.001000,0.002000,0.003000,gyro
1786611600822000,0.100000,-9.800000,0.200000,accel
1786611600822000,0.001000,0.002000,0.003000,gyro
1786611600823000,0.100000,-9.800000,0.200000,accel
1786611600823000,0.001000,0.002000,0.003000,gyro
1786611600824000,0.100000,-9.800000,0.200000,accel
1786611600824000,0.001000,0.002000,0.003000,gyro
1786611600825000,0.100000,-9.800000,0.200000,accel
1786611600825000,0.001000,0.002000,0.003000,gyro
1786611600826000,0.100000,-9.800000,0.200000,accel
1786611600826000,0.001000,0.002000,0.003000,gyro
1786611600827000,0.100000,-9.800000,0.200000,accel
1786611600827000,0.001000,0.002000,0.003000,gyro
1786611600828000,0.100000,-9.800000,0.200000,accel
1786611600828000,0.001000,0.002000,0.003000,gyro
1786611600829000,0.100000,-9.800000,0.200000,accel
1786611600829000,0.001000,0.002000,0.003000,gyro
1786611600830000,0.100000,-9.800000,0.200000,accel
1786611600830000,0.001000,0.002000,0.003000,gyro
1786611600831000,0.100000,-9.800000,0.200000,accel
1786611600831000,0.001000,0.002000,0.003000,gyro
1786611600832000,0.100000,-9.800000,0.200000,accel
1786611600832000,0.001000,0.002000,0.003000,gyro
1786611600833000,0.100000,-9.800000,0.200000,accel
1786611600833000,0.001000,0.002000,0.003000,gyro
1786611600834000,0.100000,-9.800000,0.200000,accel
1786611600834000,0.001000,0.002000,0.003000,gyro
1786611600835000,0.100000,-9.800000,0.200000,accel
1786611600835000,0.001000,0.002000,0.003000,gyro
1786611600836000,0.100000,-9.800000,0.200000,accel
1786611600836000,0.001000,0.002000,0.003000,gyro
1786611600837000,0.100000,-9.800000,0.200000,accel
1786611600837000,0.001000,0.002000,0.003000,gyro
1786611600838000,0.100000,-9.800000,0.200000,accel
1786611600838000,0.001000,0.002000,0.003000,gyro
1786611600839000,0.100000,-9.800000,0.200000,accel
1786611600839000,0.001000,0.002000,0.003000,gyro
1786611600840000,0.100000,-9.800000,0.200000,accel
1786611600840000,0.001000,0.002000,0.003000,gyro
1786611600841000,0.100000,-9.800000,0.200000,accel
1786611600841000,0.001000,0.002000,0.003000,gyro
1786611600842000,0.100000,-9.800000,0.200000,accel
1786611600842000,0.001000,0.002000,0.003000,gyro
1786611600843000,0.100000,-9.800000,0.200000,accel
1786611600843000,0.001000,0.002000,0.003000,gyro
1786611600844000,0.100000,-9.800000,0.200000,accel
1786611600844000,0.001000,0.002000,0.003000,gyro
1786611600845000,0.100000,-9.800000,0.200000,accel
1786611600845000,0.001000,0.002000,0.003000,gyro
1786611600846000,0.100000,-9.800000,0.200000,accel
1786611600846000,0.001000,0.002000,0.003000,gyro
1786611600847000,0.100000,-9.800000,0.200000,accel
1786611600847000,0.001000,0.002000,0.003000,gyro
1786611600848000,0.100000,-9.800000,0.200000,accel
1786611600848000,0.001000,0.002000,0.003000,gyro
1786611600849000,0.100000,-9.800000,0.200000,accel
1786611600849000,0.001000,0.002000,0.003000,gyro
1786611600850000,0.100000,-9.800000,0.200000,accel
1786611600850000,0.001000,0.002000,0.003000,gyro
1786611600851000,0.100000,-9.800000,0.200000,accel
1786611600851000,0.001000,0.002000,0.003000,gyro
1786611600852000,0.100000,-9.800000,0.200000,accel
1786611600852000,0.001000,0.002000,0.003000,gyro
1786611600853000,0.100000,-9.800000,0.200000,accel
1786611600853000,0.001000,0.002000,0.003000,gyro
1786611600854000,0.100000,-9.800000,0.200000,accel
1786611600854000,0.001000,0.002000,0.003000,gyro
1786611600855000,0.100000,-9.800000,0.200000,accel
1786611600855000,0.001000,0.002000,0.003000,gyro
1786611600856000,0.100000,-9.800000,0.200000,accel
1786611600856000,0.001000,0.002000,0.003000,gyro
1786611600857000,0.100000,-9.800000,0.200000,accel
1786611600857000,0.001000,0.002000,0.003000,gyro
1786611600858000,0.100000,-9.800000,0.200000,accel
1786611600858000,0.001000,0.002000,0.003000,gyro
1786611600859000,0.100000,-9.800000,0.200000,accel
1786611600859000,0.001000,0.002000,0.003000,gyro
1786611600860000,0.100000,-9.800000,0.200000,accel
1786611600860000,0.001000,0.002000,0.003000,gyro
1786611600861000,0.100000,-9.800000,0.200000,accel
1786611600861000,0.001000,0.002000,0.003000,gyro
1786611600862000,0.100000,-9.800000,0.200000,accel
1786611600862000,0.001000,0.002000,0.003000,gyro
1786611600863000,0.100000,-9.800000,0.200000,accel
1786611600863000,0.001000,0.002000,0.003000,gyro
1786611600864000,0.100000,-9.800000,0.200000,accel
1786611600864000,0.001000,0.002000,0.003000,gyro
1786611600865000,0.100000,-9.800000,0.200000,accel
1786611600865000,0.001000,0.002000,0.003000,gyro
1786611600866000,0.100000,-9.800000,0.200000,accel
1786611600866000,0.001000,0.002000,0.003000,gyro
1786611600867000,0.100000,-9.800000,0.200000,accel
1786611600867000,0.001000,0.002000,0.003000,gyro
1786611600868000,0.100000,-9.800000,0.200000,accel
1786611600868000,0.001000,0.002000,0.003000,gyro
1786611600869000,0.100000,-9.800000,0.200000,accel
1786611600869000,0.001000,0.002000,0.003000,gyro
1786611600870000,0.100000,-9.800000,0.200000,accel
1786611600870000,0.001000,0.002000,0.003000,gyro
1786611600871000,0.100000,-9.800000,0.200000,accel
1786611600871000,0.001000,0.002000,0.003000,gyro
1786611600872000,0.100000,-9.800000,0.200000,accel
1786611600872000,0.001000,0.002000,0.003000,gyro
1786611600873000,0.100000,-9.800000,0.200000,accel
1786611600873000,0.001000,0.002000,0.003000,gyro
1786611600874000,0.100000,-9.800000,0.200000,accel
1786611600874000,0.001000,0.002000,0.003000,gyro
1786611600875000,0.100000,-9.800000,0.200000,accel
1786611600875000,0.001000,0.002000,0.003000,gyro
1786611600876000,0.100000,-9.800000,0.200000,accel
1786611600876000,0.001000,0.002000,0.003000,gyro
1786611600877000,0.100000,-9.800000,0.200000,accel
1786611600877000,0.001000,0.002000,0.003000,gyro
1786611600878000,0.100000,-9.800000,0.200000,accel
1786611600878000,0.001000,0.002000,0.003000,gyro
1786611600879000,0.100000,-9.800000,0.200000,accel
1786611600879000,0.001000,0.002000,0.003000,gyro
1786611600880000,0.100000,-9.800000,0.200000,accel
1786611600880000,0.001000,0.002000,0.003000,gyro
1786611600881000,0.100000,-9.800000,0.200000,accel
1786611600881000,0.001000,0.002000,0.003000,gyro
1786611600882000,0.100000,-9.800000,0.200000,accel
1786611600882000,0.001000,0.002000,0.003000,gyro
1786611600883000,0.100000,-9.800000,0.200000,accel
1786611600883000,0.001000,0.002000,0.003000,gyro
1786611600884000,0.100000,-9.800000,0.200000,accel
1786611600884000,0.001000,0.002000,0.003000,gyro
1786611600885000,0.100000,-9.800000,0.200000,accel
1786611600885000,0.001000,0.002000,0.003000,gyro
1786611600886000,0.100000,-9.800000,0.200000,accel
1786611600886000,0.001000,0.002000,0.003000,gyro
1786611600887000,0.100000,-9.800000,0.200000,accel
1786611600887000,0.001000,0.002000,0.003000,gyro
1786611600888000,0.100000,-9.800000,0.200000,accel
1786611600888000,0.001000,0.002000,0.003000,gyro
1786611600889000,0.100000,-9.800000,0.200000,accel
1786611600889000,0.001000,0.002000,0.003000,gyro
1786611600890000,0.100000,-9.800000,0.200000,accel
1786611600890000,0.001000,0.002000,0.003000,gyro
1786611600891000,0.100000,-9.800000,0.200000,accel
1786611600891000,0.001000,0.002000,0.003000,gyro
1786611600892000,0.100000,-9.800000,0.200000,accel
1786611600892000,0.001000,0.002000,0.003000,gyro
1786611600893000,0.100000,-9.800000,0.200000,accel
1786611600893000,0.001000,0.002000,0.003000,gyro
1786611600894000,0.100000,-9.800000,0.200000,accel
1786611600894000,0.001000,0.002000,0.003000,gyro
1786611600895000,0.100000,-9.800000,0.200000,accel
1786611600895000,0.001000,0.002000,0.003000,gyro
1786611600896000,0.100000,-9.800000,0.200000,accel
1786611600896000,0.001000,0.002000,0.003000,gyro
1786611600897000,0.100000,-9.800000,0.200000,accel
1786611600897000,0.001000,0.002000,0.003000,gyro
1786611600898000,0.100000,-9.800000,0.200000,accel
1786611600898000,0.001000,0.002000,0.003000,gyro
1786611600899000,0.100000,-9.800000,0.200000,accel
1786611600899000,0.001000,0.002000,0.003000,gyro
1786611600900000,0.100000,-9.800000,0.200000,accel
1786611600900000,0.001000,0.002000,0.003000,gyro
1786611600901000,0.100000,-9.800000,0.200000,accel
1786611600901000,0.001000,0.002000,0.003000,gyro
1786611600902000,0.100000,-9.800000,0.200000,accel
1786611600902000,0.001000,0.002000,0.003000,gyro
1786611600903000,0.100000,-9.800000,0.200000,accel
1786611600903000,0.001000,0.002000,0.003000,gyro
1786611600904000,0.100000,-9.800000,0.200000,accel
1786611600904000,0.001000,0.002000,0.003000,gyro
1786611600905000,0.100000,-9.800000,0.200000,accel
1786611600905000,0.001000,0.002000,0.003000,gyro
1786611600906000,0.100000,-9.800000,0.200000,accel
1786611600906000,0.001000,0.002000,0.003000,gyro
1786611600907000,0.100000,-9.800000,0.200000,accel
1786611600907000,0.001000,0.002000,0.003000,gyro
1786611600908000,0.100000,-9.800000,0.200000,accel
1786611600908000,0.001000,0.002000,0.003000,gyro
1786611600909000,0.100000,-9.800000,0.200000,accel
1786611600909000,0.001000,0.002000,0.003000,gyro
1786611600910000,0.100000,-9.800000,0.200000,accel
1786611600910000,0.001000,0.002000,0.003000,gyro
1786611600911000,0.100000,-9.800000,0.200000,accel
1786611600911000,0.001000,0.002000,0.003000,gyro
1786611600912000,0.100000,-9.800000,0.200000,accel
1786611600912000,0.001000,0.002000,0.003000,gyro
1786611600913000,0.100000,-9.800000,0.200000,accel
1786611600913000,0.001000,0.002000,0.003000,gyro
1786611600914000,0.100000,-9.800000,0.200000,accel
1786611600914000,0.001000,0.002000,0.003000,gyro
1786611600915000,0.100000,-9.800000,0.200000,accel
1786611600915000,0.001000,0.002000,0.003000,gyro
1786611600916000,0.100000,-9.800000,0.200000,accel
1786611600916000,0.001000,0.002000,0.003000,gyro
1786611600917000,0.100000,-9.800000,0.200000,accel
1786611600917000,0.001000,0.002000,0.003000,gyro
1786611600918000,0.100000,-9.800000,0.200000,accel
1786611600918000,0.001000,0.002000,0.003000,gyro
1786611600919000,0.100000,-9.800000,0.200000,accel
1786611600919000,0.001000,0.002000,0.003000,gyro
1786611600920000,0.100000,-9.800000,0.200000,accel
1786611600920000,0.001000,0.002000,0.003000,gyro
1786611600921000,0.100000,-9.800000,0.200000,accel
1786611600921000,0.001000,0.002000,0.003000,gyro
1786611600922000,0.100000,-9.800000,0.200000,accel
1786611600922000,0.001000,0.002000,0.003000,gyro
1786611600923000,0.100000,-9.800000,0.200000,accel
1786611600923000,0.001000,0.002000,0.003000,gyro
1786611600924000,0.100000,-9.800000,0.200000,accel
1786611600924000,0.001000,0.002000,0.003000,gyro
1786611600925000,0.100000,-9.800000,0.200000,accel
1786611600925000,0.001000,0.002000,0.003000,gyro
1786611600926000,0.100000,-9.800000,0.200000,accel
1786611600926000,0.001000,0.002000,0.003000,gyro
1786611600927000,0.100000,-9.800000,0.200000,accel
1786611600927000,0.001000,0.002000,0.003000,gyro
1786611600928000,0.100000,-9.800000,0.200000,accel
1786611600928000,0.001000,0.002000,0.003000,gyro
1786611600929000,0.100000,-9.800000,0.200000,accel
1786611600929000,0.001000,0.002000,0.003000,gyro
1786611600930000,0.100000,-9.800000,0.200000,accel
1786611600930000,0.001000,0.002000,0.003000,gyro
1786611600931000,0.100000,-9.800000,0.200000,accel
1786611600931000,0.001000,0.002000,0.003000,gyro
1786611600932000,0.100000,-9.800000,0.200000,accel
1786611600932000,0.001000,0.002000,0.003000,gyro
1786611600933000,0.100000,-9.800000,0.200000,accel
1786611600933000,0.001000,0.002000,0.003000,gyro
1786611600934000,0.100000,-9.800000,0.200000,accel
1786611600934000,0.001000,0.002000,0.003000,gyro
1786611600935000,0.100000,-9.800000,0.200000,accel
1786611600935000,0.001000,0.002000,0.003000,gyro
1786611600936000,0.100000,-9.800000,0.200000,accel
1786611600936000,0.001000,0.002000,0.003000,gyro
1786611600937000,0.100000,-9.800000,0.200000,accel
1786611600937000,0.001000,0.002000,0.003000,gyro
1786611600938000,0.100000,-9.800000,0.200000,accel
1786611600938000,0.001000,0.002000,0.003000,gyro
1786611600939000,0.100000,-9.800000,0.200000,accel
1786611600939000,0.001000,0.002000,0.003000,gyro
1786611600940000,0.100000,-9.800000,0.200000,accel
1786611600940000,0.001000,0.002000,0.003000,gyro
1786611600941000,0.100000,-9.800000,0.200000,accel
1786611600941000,0.001000,0.002000,0.003000,gyro
1786611600942000,0.100000,-9.800000,0.200000,accel
1786611600942000,0.001000,0.002000,0.003000,gyro
1786611600943000,0.100000,-9.800000,0.200000,accel
1786611600943000,0.001000,0.002000,0.003000,gyro
1786611600944000,0.100000,-9.800000,0.200000,accel
1786611600944000,0.001000,0.002000,0.003000,gyro
1786611600945000,0.100000,-9.800000,0.200000,accel
1786611600945000,0.001000,0.002000,0.003000,gyro
1786611600946000,0.100000,-9.800000,0.200000,accel
1786611600946000,0.001000,0.002000,0.003000,gyro
1786611600947000,0.100000,-9.800000,0.200000,accel
1786611600947000,0.001000,0.002000,0.003000,gyro
1786611600948000,0.100000,-9.800000,0.200000,accel
1786611600948000,0.001000,0.002000,0.003000,gyro
1786611600949000,0.100000,-9.800000,0.200000,accel
1786611600949000,0.001000,0.002000,0.003000,gyro
1786611600950000,0.100000,-9.800000,0.200000,accel
1786611600950000,0.001000,0.002000,0.003000,gyro
1786611600951000,0.100000,-9.800000,0.200000,accel
1786611600951000,0.001000,0.002000,0.003000,gyro
1786611600952000,0.100000,-9.800000,0.200000,accel
1786611600952000,0.001000,0.002000,0.003000,gyro
1786611600953000,0.100000,-9.800000,0.200000,accel
1786611600953000,0.001000,0.002000,0.003000,gyro
1786611600954000,0.100000,-9.800000,0.200000,accel
1786611600954000,0.001000,0.002000,0.003000,gyro
1786611600955000,0.100000,-9.800000,0.200000,accel
1786611600955000,0.001000,0.002000,0.003000,gyro
1786611600956000,0.100000,-9.800000,0.200000,accel
1786611600956000,0.001000,0.002000,0.003000,gyro
1786611600957000,0.100000,-9.800000,0.200000,accel
1786611600957000,0.001000,0.002000,0.003000,gyro
1786611600958000,0.100000,-9.800000,0.200000,accel
1786611600958000,0.001000,0.002000,0.003000,gyro
1786611600959000,0.100000,-9.800000,0.200000,accel
1786611600959000,0.001000,0.002000,0.003000,gyro
1786611600960000,0.100000,-9.800000,0.200000,accel
1786611600960000,0.001000,0.002000,0.003000,gyro
1786611600961000,0.100000,-9.800000,0.200000,accel
1786611600961000,0.001000,0.002000,0.003000,gyro
1786611600962000,0.100000,-9.800000,0.200000,accel
1786611600962000,0.001000,0.002000,0.003000,gyro
1786611600963000,0.100000,-9.800000,0.200000,accel
1786611600963000,0.001000,0.002000,0.003000,gyro
1786611600964000,0.100000,-9.800000,0.200000,accel
1786611600964000,0.001000,0.002000,0.003000,gyro
1786611600965000,0.100000,-9.800000,0.200000,accel
1786611600965000,0.001000,0.002000,0.003000,gyro
1786611600966000,0.100000,-9.800000,0.200000,accel
1786611600966000,0.001000,0.002000,0.003000,gyro
1786611600967000,0.100000,-9.800000,0.200000,accel
1786611600967000,0.001000,0.002000,0.003000,gyro
1786611600968000,0.100000,-9.800000,0.200000,accel
1786611600968000,0.001000,0.002000,0.003000,gyro
1786611600969000,0.100000,-9.800000,0.200000,accel
1786611600969000,0.001000,0.002000,0.003000,gyro
1786611600970000,0.100000,-9.800000,0.200000,accel
1786611600970000,0.001000,0.002000,0.003000,gyro
1786611600971000,0.100000,-9.800000,0.200000,accel
1786611600971000,0.001000,0.002000,0.003000,gyro
1786611600972000,0.100000,-9.800000,0.200000,accel
1786611600972000,0.001000,0.002000,0.003000,gyro
1786611600973000,0.100000,-9.800000,0.200000,accel
1786611600973000,0.001000,0.002000,0.003000,gyro
1786611600974000,0.100000,-9.800000,0.200000,accel
1786611600974000,0.001000,0.002000,0.003000,gyro
1786611600975000,0.100000,-9.800000,0.200000,accel
1786611600975000,0.001000,0.002000,0.003000,gyro
1786611600976000,0.100000,-9.800000,0.200000,accel
1786611600976000,0.001000,0.002000,0.003000,gyro
1786611600977000,0.100000,-9.800000,0.200000,accel
1786611600977000,0.001000,0.002000,0.003000,gyro
1786611600978000,0.100000,-9.800000,0.200000,accel
1786611600978000,0.001000,0.002000,0.003000,gyro
1786611600979000,0.100000,-9.800000,0.200000,accel
1786611600979000,0.001000,0.002000,0.003000,gyro
1786611600980000,0.100000,-9.800000,0.200000,accel
1786611600980000,0.001000,0.002000,0.003000,gyro
1786611600981000,0.100000,-9.800000,0.200000,accel
1786611600981000,0.001000,0.002000,0.003000,gyro
1786611600982000,0.100000,-9.800000,0.200000,accel
1786611600982000,0.001000,0.002000,0.003000,gyro
1786611600983000,0.100000,-9.800000,0.200000,accel
1786611600983000,0.001000,0.002000,0.003000,gyro
1786611600984000,0.100000,-9.800000,0.200000,accel
1786611600984000,0.001000,0.002000,0.003000,gyro
1786611600985000,0.100000,-9.800000,0.200000,accel
1786611600985000,0.001000,0.002000,0.003000,gyro
1786611600986000,0.100000,-9.800000,0.200000,accel
1786611600986000,0.001000,0.002000,0.003000,gyro
1786611600987000,0.100000,-9.800000,0.200000,accel
1786611600987000,0.001000,0.002000,0.003000,gyro
1786611600988000,0.100000,-9.800000,0.200000,accel
1786611600988000,0.001000,0.002000,0.003000,gyro
1786611600989000,0.100000,-9.800000,0.200000,accel
1786611600989000,0.001000,0.002000,0.003000,gyro
1786611600990000,0.100000,-9.800000,0.200000,accel
1786611600990000,0.001000,0.002000,0.003000,gyro
1786611600991000,0.100000,-9.800000,0.200000,accel
1786611600991000,0.001000,0.002000,0.003000,gyro
1786611600992000,0.100000,-9.800000,0.200000,accel
1786611600992000,0.001000,0.002000,0.003000,gyro
1786611600993000,0.100000,-9.800000,0.200000,accel
1786611600993000,0.001000,0.002000,0.003000,gyro
1786611600994000,0.100000,-9.800000,0.200000,accel
1786611600994000,0.001000,0.002000,0.003000,gyro
1786611600995000,0.100000,-9.800000,0.200000,accel
1786611600995000,0.001000,0.002000,0.003000,gyro
1786611600996000,0.100000,-9.800000,0.200000,accel
1786611600996000,0.001000,0.002000,0.003000,gyro
1786611600997000,0.100000,-9.800000,0.200000,accel
1786611600997000,0.001000,0.002000,0.003000,gyro
1786611600998000,0.100000,-9.800000,0.200000,accel
1786611600998000,0.001000,0.002000,0.003000,gyro
1786611600999000,0.100000,-9.800000,0.200000,accel
1786611600999000,0.001000,0.002000,0.003000,gyro
1786611601000000,0.100000,-9.800000,0.200000,accel
1786611601000000,0.001000,0.002000,0.003000,gyro
1786611601001000,0.100000,-9.800000,0.200000,accel
1786611601001000,0.001000,0.002000,0.003000,gyro
1786611601002000,0.100000,-9.800000,0.200000,accel
1786611601002000,0.001000,0.002000,0.003000,gyro
1786611601003000,0.100000,-9.800000,0.200000,accel
1786611601003000,0.001000,0.002000,0.003000,gyro
1786611601004000,0.100000,-9.800000,0.200000,accel
1786611601004000,0.001000,0.002000,0.003000,gyro
1786611601005000,0.100000,-9.800000,0.200000,accel
1786611601005000,0.001000,0.002000,0.003000,gyro
1786611601006000,0.100000,-9.800000,0.200000,accel
1786611601006000,0.001000,0.002000,0.003000,gyro
1786611601007000,0.100000,-9.800000,0.200000,accel
1786611601007000,0.001000,0.002000,0.003000,gyro
1786611601008000,0.100000,-9.800000,0.200000,accel
1786611601008000,0.001000,0.002000,0.003000,gyro
1786611601009000,0.100000,-9.800000,0.200000,accel
1786611601009000,0.001000,0.002000,0.003000,gyro
1786611601010000,0.100000,-9.800000,0.200000,accel
1786611601010000,0.001000,0.002000,0.003000,gyro
1786611601011000,0.100000,-9.800000,0.200000,accel
1786611601011000,0.001000,0.002000,0.003000,gyro
1786611601012000,0.100000,-9.800000,0.200000,accel
1786611601012000,0.001000,0.002000,0.003000,gyro
1786611601013000,0.100000,-9.800000,0.200000,accel
1786611601013000,0.001000,0.002000,0.003000,gyro
1786611601014000,0.100000,-9.800000,0.200000,accel
1786611601014000,0.001000,0.002000,0.003000,gyro
1786611601015000,0.100000,-9.800000,0.200000,accel
1786611601015000,0.001000,0.002000,0.003000,gyro
1786611601016000,0.100000,-9.800000,0.200000,accel
1786611601016000,0.001000,0.002000,0.003000,gyro
1786611601017000,0.100000,-9.800000,0.200000,accel
1786611601017000,0.001000,0.002000,0.003000,gyro
1786611601018000,0.100000,-9.800000,0.200000,accel
1786611601018000,0.001000,0.002000,0.003000,gyro
1786611601019000,0.100000,-9.800000,0.200000,accel
1786611601019000,0.001000,0.002000,0.003000,gyro
1786611601020000,0.100000,-9.800000,0.200000,accel
1786611601020000,0.001000,0.002000,0.003000,gyro
1786611601021000,0.100000,-9.800000,0.200000,accel
1786611601021000,0.001000,0.002000,0.003000,gyro
1786611601022000,0.100000,-9.800000,0.200000,accel
1786611601022000,0.001000,0.002000,0.003000,gyro
1786611601023000,0.100000,-9.800000,0.200000,accel
1786611601023000,0.001000,0.002000,0.003000,gyro
1786611601024000,0.100000,-9.800000,0.200000,accel
1786611601024000,0.001000,0.002000,0.003000,gyro
1786611601025000,0.100000,-9.800000,0.200000,accel
1786611601025000,0.001000,0.002000,0.003000,gyro
1786611601026000,0.100000,-9.800000,0.200000,accel
1786611601026000,0.001000,0.002000,0.003000,gyro
1786611601027000,0.100000,-9.800000,0.200000,accel
1786611601027000,0.001000,0.002000,0.003000,gyro
1786611601028000,0.100000,-9.800000,0.200000,accel
1786611601028000,0.001000,0.002000,0.003000,gyro
1786611601029000,0.100000,-9.800000,0.200000,accel
1786611601029000,0.001000,0.002000,0.003000,gyro
1786611601030000,0.100000,-9.800000,0.200000,accel
1786611601030000,0.001000,0.002000,0.003000,gyro
1786611601031000,0.100000,-9.800000,0.200000,accel
1786611601031000,0.001000,0.002000,0.003000,gyro
1786611601032000,0.100000,-9.800000,0.200000,accel
1786611601032000,0.001000,0.002000,0.003000,gyro
1786611601033000,0.100000,-9.800000,0.200000,accel
1786611601033000,0.001000,0.002000,0.003000,gyro
1786611601034000,0.100000,-9.800000,0.200000,accel
1786611601034000,0.001000,0.002000,0.003000,gyro
1786611601035000,0.100000,-9.800000,0.200000,accel
1786611601035000,0.001000,0.002000,0.003000,gyro
1786611601036000,0.100000,-9.800000,0.200000,accel
1786611601036000,0.001000,0.002000,0.003000,gyro
1786611601037000,0.100000,-9.800000,0.200000,accel
1786611601037000,0.001000,0.002000,0.003000,gyro
1786611601038000,0.100000,-9.800000,0.200000,accel
1786611601038000,0.001000,0.002000,0.003000,gyro
1786611601039000,0.100000,-9.800000,0.200000,accel
1786611601039000,0.001000,0.002000,0.003000,gyro
1786611601040000,0.100000,-9.800000,0.200000,accel
1786611601040000,0.001000,0.002000,0.003000,gyro
1786611601041000,0.100000,-9.800000,0.200000,accel
1786611601041000,0.001000,0.002000,0.003000,gyro
1786611601042000,0.100000,-9.800000,0.200000,accel
1786611601042000,0.001000,0.002000,0.003000,gyro
1786611601043000,0.100000,-9.800000,0.200000,accel
1786611601043000,0.001000,0.002000,0.003000,gyro
1786611601044000,0.100000,-9.800000,0.200000,accel
1786611601044000,0.001000,0.002000,0.003000,gyro
1786611601045000,0.100000,-9.800000,0.200000,accel
1786611601045000,0.001000,0.002000,0.003000,gyro
1786611601046000,0.100000,-9.800000,0.200000,accel
1786611601046000,0.001000,0.002000,0.003000,gyro
1786611601047000,0.100000,-9.800000,0.200000,accel
1786611601047000,0.001000,0.002000,0.003000,gyro
1786611601048000,0.100000,-9.800000,0.200000,accel
1786611601048000,0.001000,0.002000,0.003000,gyro
1786611601049000,0.100000,-9.800000,0.200000,accel
1786611601049000,0.001000,0.002000,0.003000,gyro
1786611601050000,0.100000,-9.800000,0.200000,accel
1786611601050000,0.001000,0.002000,0.003000,gyro
1786611601051000,0.100000,-9.800000,0.200000,accel
1786611601051000,0.001000,0.002000,0.003000,gyro
1786611601052000,0.100000,-9.800000,0.200000,accel
1786611601052000,0.001000,0.002000,0.003000,gyro
1786611601053000,0.100000,-9.800000,0.200000,accel
1786611601053000,0.001000,0.002000,0.003000,gyro
1786611601054000,0.100000,-9.800000,0.200000,accel
1786611601054000,0.001000,0.002000,0.003000,gyro
1786611601055000,0.100000,-9.800000,0.200000,accel
1786611601055000,0.001000,0.002000,0.003000,gyro
1786611601056000,0.100000,-9.800000,0.200000,accel
1786611601056000,0.001000,0.002000,0.003000,gyro
1786611601057000,0.100000,-9.800000,0.200000,accel
1786611601057000,0.001000,0.002000,0.003000,gyro
1786611601058000,0.100000,-9.800000,0.200000,accel
1786611601058000,0.001000,0.002000,0.003000,gyro
1786611601059000,0.100000,-9.800000,0.200000,accel
1786611601059000,0.001000,0.002000,0.003000,gyro
1786611601060000,0.100000,-9.800000,0.200000,accel
1786611601060000,0.001000,0.002000,0.003000,gyro
1786611601061000,0.100000,-9.800000,0.200000,accel
1786611601061000,0.001000,0.002000,0.003000,gyro
1786611601062000,0.100000,-9.800000,0.200000,accel
1786611601062000,0.001000,0.002000,0.003000,gyro
1786611601063000,0.100000,-9.800000,0.200000,accel
1786611601063000,0.001000,0.002000,0.003000,gyro
1786611601064000,0.100000,-9.800000,0.200000,accel
1786611601064000,0.001000,0.002000,0.003000,gyro
1786611601065000,0.100000,-9.800000,0.200000,accel
1786611601065000,0.001000,0.002000,0.003000,gyro
1786611601066000,0.100000,-9.800000,0.200000,accel
1786611601066000,0.001000,0.002000,0.003000,gyro
1786611601067000,0.100000,-9.800000,0.200000,accel
1786611601067000,0.001000,0.002000,0.003000,gyro
1786611601068000,0.100000,-9.800000,0.200000,accel
1786611601068000,0.001000,0.002000,0.003000,gyro
1786611601069000,0.100000,-9.800000,0.200000,accel
1786611601069000,0.001000,0.002000,0.003000,gyro
1786611601070000,0.100000,-9.800000,0.200000,accel
1786611601070000,0.001000,0.002000,0.003000,gyro
1786611601071000,0.100000,-9.800000,0.200000,accel
1786611601071000,0.001000,0.002000,0.003000,gyro
1786611601072000,0.100000,-9.800000,0.200000,accel
1786611601072000,0.001000,0.002000,0.003000,gyro
1786611601073000,0.100000,-9.800000,0.200000,accel
1786611601073000,0.001000,0.002000,0.003000,gyro
1786611601074000,0.100000,-9.800000,0.200000,accel
1786611601074000,0.001000,0.002000,0.003000,gyro
1786611601075000,0.100000,-9.800000,0.200000,accel
1786611601075000,0.001000,0.002000,0.003000,gyro
1786611601076000,0.100000,-9.800000,0.200000,accel
1786611601076000,0.001000,0.002000,0.003000,gyro
1786611601077000,0.100000,-9.800000,0.200000,accel
1786611601077000,0.001000,0.002000,0.003000,gyro
1786611601078000,0.100000,-9.800000,0.200000,accel
1786611601078000,0.001000,0.002000,0.003000,gyro
1786611601079000,0.100000,-9.800000,0.200000,accel
1786611601079000,0.001000,0.002000,0.003000,gyro
1786611601080000,0.100000,-9.800000,0.200000,accel
1786611601080000,0.001000,0.002000,0.003000,gyro
1786611601081000,0.100000,-9.800000,0.200000,accel
1786611601081000,0.001000,0.002000,0.003000,gyro
1786611601082000,0.100000,-9.800000,0.200000,accel
1786611601082000,0.001000,0.002000,0.003000,gyro
1786611601083000,0.100000,-9.800000,0.200000,accel
1786611601083000,0.001000,0.002000,0.003000,gyro
1786611601084000,0.100000,-9.800000,0.200000,accel
1786611601084000,0.001000,0.002000,0.003000,gyro
1786611601085000,0.100000,-9.800000,0.200000,accel
1786611601085000,0.001000,0.002000,0.003000,gyro
1786611601086000,0.100000,-9.800000,0.200000,accel
1786611601086000,0.001000,0.002000,0.003000,gyro
1786611601087000,0.100000,-9.800000,0.200000,accel
1786611601087000,0.001000,0.002000,0.003000,gyro
1786611601088000,0.100000,-9.800000,0.200000,accel
1786611601088000,0.001000,0.002000,0.003000,gyro
1786611601089000,0.100000,-9.800000,0.200000,accel
1786611601089000,0.001000,0.002000,0.003000,gyro
1786611601090000,0.100000,-9.800000,0.200000,accel
1786611601090000,0.001000,0.002000,0.003000,gyro
1786611601091000,0.100000,-9.800000,0.200000,accel
1786611601091000,0.001000,0.002000,0.003000,gyro
1786611601092000,0.100000,-9.800000,0.200000,accel
1786611601092000,0.001000,0.002000,0.003000,gyro
1786611601093000,0.100000,-9.800000,0.200000,accel
1786611601093000,0.001000,0.002000,0.003000,gyro
1786611601094000,0.100000,-9.800000,0.200000,accel
1786611601094000,0.001000,0.002000,0.003000,gyro
1786611601095000,0.100000,-9.800000,0.200000,accel
1786611601095000,0.001000,0.002000,0.003000,gyro
1786611601096000,0.100000,-9.800000,0.200000,accel
1786611601096000,0.001000,0.002000,0.003000,gyro
1786611601097000,0.100000,-9.800000,0.200000,accel
1786611601097000,0.001000,0.002000,0.003000,gyro
1786611601098000,0.100000,-9.800000,0.200000,accel
1786611601098000,0.001000,0.002000,0.003000,gyro
1786611601099000,0.100000,-9.800000,0.200000,accel
1786611601099000,0.001000,0.002000,0.003000,gyro
1786611601100000,0.100000,-9.800000,0.200000,accel
1786611601100000,0.001000,0.002000,0.003000,gyro
1786611601101000,0.100000,-9.800000,0.200000,accel
1786611601101000,0.001000,0.002000,0.003000,gyro
1786611601102000,0.100000,-9.800000,0.200000,accel
1786611601102000,0.001000,0.002000,0.003000,gyro
1786611601103000,0.100000,-9.800000,0.200000,accel
1786611601103000,0.001000,0.002000,0.003000,gyro
1786611601104000,0.100000,-9.800000,0.200000,accel
1786611601104000,0.001000,0.002000,0.003000,gyro
1786611601105000,0.100000,-9.800000,0.200000,accel
1786611601105000,0.001000,0.002000,0.003000,gyro
1786611601106000,0.100000,-9.800000,0.200000,accel
1786611601106000,0.001000,0.002000,0.003000,gyro
1786611601107000,0.100000,-9.800000,0.200000,accel
1786611601107000,0.001000,0.002000,0.003000,gyro
1786611601108000,0.100000,-9.800000,0.200000,accel
1786611601108000,0.001000,0.002000,0.003000,gyro
1786611601109000,0.100000,-9.800000,0.200000,accel
1786611601109000,0.001000,0.002000,0.003000,gyro
1786611601110000,0.100000,-9.800000,0.200000,accel
1786611601110000,0.001000,0.002000,0.003000,gyro
1786611601111000,0.100000,-9.800000,0.200000,accel
1786611601111000,0.001000,0.002000,0.003000,gyro
1786611601112000,0.100000,-9.800000,0.200000,accel
1786611601112000,0.001000,0.002000,0.003000,gyro
1786611601113000,0.100000,-9.800000,0.200000,accel
1786611601113000,0.001000,0.002000,0.003000,gyro
1786611601114000,0.100000,-9.800000,0.200000,accel
1786611601114000,0.001000,0.002000,0.003000,gyro
1786611601115000,0.100000,-9.800000,0.200000,accel
1786611601115000,0.001000,0.002000,0.003000,gyro
1786611601116000,0.100000,-9.800000,0.200000,accel
1786611601116000,0.001000,0.002000,0.003000,gyro
1786611601117000,0.100000,-9.800000,0.200000,accel
1786611601117000,0.001000,0.002000,0.003000,gyro
1786611601118000,0.100000,-9.800000,0.200000,accel
1786611601118000,0.001000,0.002000,0.003000,gyro
1786611601119000,0.100000,-9.800000,0.200000,accel
1786611601119000,0.001000,0.002000,0.003000,gyro
1786611601120000,0.100000,-9.800000,0.200000,accel
1786611601120000,0.001000,0.002000,0.003000,gyro
1786611601121000,0.100000,-9.800000,0.200000,accel
1786611601121000,0.001000,0.002000,0.003000,gyro
1786611601122000,0.100000,-9.800000,0.200000,accel
1786611601122000,0.001000,0.002000,0.003000,gyro
1786611601123000,0.100000,-9.800000,0.200000,accel
1786611601123000,0.001000,0.002000,0.003000,gyro
1786611601124000,0.100000,-9.800000,0.200000,accel
1786611601124000,0.001000,0.002000,0.003000,gyro
1786611601125000,0.100000,-9.800000,0.200000,accel
1786611601125000,0.001000,0.002000,0.003000,gyro
1786611601126000,0.100000,-9.800000,0.200000,accel
1786611601126000,0.001000,0.002000,0.003000,gyro
1786611601127000,0.100000,-9.800000,0.200000,accel
1786611601127000,0.001000,0.002000,0.003000,gyro
1786611601128000,0.100000,-9.800000,0.200000,accel
1786611601128000,0.001000,0.002000,0.003000,gyro
1786611601129000,0.100000,-9.800000,0.200000,accel
1786611601129000,0.001000,0.002000,0.003000,gyro
1786611601130000,0.100000,-9.800000,0.200000,accel
1786611601130000,0.001000,0.002000,0.003000,gyro
1786611601131000,0.100000,-9.800000,0.200000,accel
1786611601131000,0.001000,0.002000,0.003000,gyro
1786611601132000,0.100000,-9.800000,0.200000,accel
1786611601132000,0.001000,0.002000,0.003000,gyro
1786611601133000,0.100000,-9.800000,0.200000,accel
1786611601133000,0.001000,0.002000,0.003000,gyro
1786611601134000,0.100000,-9.800000,0.200000,accel
1786611601134000,0.001000,0.002000,0.003000,gyro
1786611601135000,0.100000,-9.800000,0.200000,accel
1786611601135000,0.001000,0.002000,0.003000,gyro
1786611601136000,0.100000,-9.800000,0.200000,accel
1786611601136000,0.001000,0.002000,0.003000,gyro
1786611601137000,0.100000,-9.800000,0.200000,accel
1786611601137000,0.001000,0.002000,0.003000,gyro
1786611601138000,0.100000,-9.800000,0.200000,accel
1786611601138000,0.001000,0.002000,0.003000,gyro
1786611601139000,0.100000,-9.800000,0.200000,accel
1786611601139000,0.001000,0.002000,0.003000,gyro
1786611601140000,0.100000,-9.800000,0.200000,accel
1786611601140000,0.001000,0.002000,0.003000,gyro
1786611601141000,0.100000,-9.800000,0.200000,accel
1786611601141000,0.001000,0.002000,0.003000,gyro
1786611601142000,0.100000,-9.800000,0.200000,accel
1786611601142000,0.001000,0.002000,0.003000,gyro
1786611601143000,0.100000,-9.800000,0.200000,accel
1786611601143000,0.001000,0.002000,0.003000,gyro
1786611601144000,0.100000,-9.800000,0.200000,accel
1786611601144000,0.001000,0.002000,0.003000,gyro
1786611601145000,0.100000,-9.800000,0.200000,accel
1786611601145000,0.001000,0.002000,0.003000,gyro
1786611601146000,0.100000,-9.800000,0.200000,accel
1786611601146000,0.001000,0.002000,0.003000,gyro
1786611601147000,0.100000,-9.800000,0.200000,accel
1786611601147000,0.001000,0.002000,0.003000,gyro
1786611601148000,0.100000,-9.800000,0.200000,accel
1786611601148000,0.001000,0.002000,0.003000,gyro
1786611601149000,0.100000,-9.800000,0.200000,accel
1786611601149000,0.001000,0.002000,0.003000,gyro
1786611601150000,0.100000,-9.800000,0.200000,accel
1786611601150000,0.001000,0.002000,0.003000,gyro
1786611601151000,0.100000,-9.800000,0.200000,accel
1786611601151000,0.001000,0.002000,0.003000,gyro
1786611601152000,0.100000,-9.800000,0.200000,accel
1786611601152000,0.001000,0.002000,0.003000,gyro
1786611601153000,0.100000,-9.800000,0.200000,accel
1786611601153000,0.001000,0.002000,0.003000,gyro
1786611601154000,0.100000,-9.800000,0.200000,accel
1786611601154000,0.001000,0.002000,0.003000,gyro
1786611601155000,0.100000,-9.800000,0.200000,accel
1786611601155000,0.001000,0.002000,0.003000,gyro
1786611601156000,0.100000,-9.800000,0.200000,accel
1786611601156000,0.001000,0.002000,0.003000,gyro
1786611601157000,0.100000,-9.800000,0.200000,accel
1786611601157000,0.001000,0.002000,0.003000,gyro
1786611601158000,0.100000,-9.800000,0.200000,accel
1786611601158000,0.001000,0.002000,0.003000,gyro
1786611601159000,0.100000,-9.800000,0.200000,accel
1786611601159000,0.001000,0.002000,0.003000,gyro
1786611601160000,0.100000,-9.800000,0.200000,accel
1786611601160000,0.001000,0.002000,0.003000,gyro
1786611601161000,0.100000,-9.800000,0.200000,accel
1786611601161000,0.001000,0.002000,0.003000,gyro
1786611601162000,0.100000,-9.800000,0.200000,accel
1786611601162000,0.001000,0.002000,0.003000,gyro
1786611601163000,0.100000,-9.800000,0.200000,accel
1786611601163000,0.001000,0.002000,0.003000,gyro
1786611601164000,0.100000,-9.800000,0.200000,accel
1786611601164000,0.001000,0.002000,0.003000,gyro
1786611601165000,0.100000,-9.800000,0.200000,accel
1786611601165000,0.001000,0.002000,0.003000,gyro
1786611601166000,0.100000,-9.800000,0.200000,accel
1786611601166000,0.001000,0.002000,0.003000,gyro
1786611601167000,0.100000,-9.800000,0.200000,accel
1786611601167000,0.001000,0.002000,0.003000,gyro
1786611601168000,0.100000,-9.800000,0.200000,accel
1786611601168000,0.001000,0.002000,0.003000,gyro
1786611601169000,0.100000,-9.800000,0.200000,accel
1786611601169000,0.001000,0.002000,0.003000,gyro
1786611601170000,0.100000,-9.800000,0.200000,accel
1786611601170000,0.001000,0.002000,0.003000,gyro
1786611601171000,0.100000,-9.800000,0.200000,accel
1786611601171000,0.001000,0.002000,0.003000,gyro
1786611601172000,0.100000,-9.800000,0.200000,accel
1786611601172000,0.001000,0.002000,0.003000,gyro
1786611601173000,0.100000,-9.800000,0.200000,accel
1786611601173000,0.001000,0.002000,0.003000,gyro
1786611601174000,0.100000,-9.800000,0.200000,accel
1786611601174000,0.001000,0.002000,0.003000,gyro
1786611601175000,0.100000,-9.800000,0.200000,accel
1786611601175000,0.001000,0.002000,0.003000,gyro
1786611601176000,0.100000,-9.800000,0.200000,accel
1786611601176000,0.001000,0.002000,0.003000,gyro
1786611601177000,0.100000,-9.800000,0.200000,accel
1786611601177000,0.001000,0.002000,0.003000,gyro
1786611601178000,0.100000,-9.800000,0.200000,accel
1786611601178000,0.001000,0.002000,0.003000,gyro
1786611601179000,0.100000,-9.800000,0.200000,accel
1786611601179000,0.001000,0.002000,0.003000,gyro
1786611601180000,0.100000,-9.800000,0.200000,accel
1786611601180000,0.001000,0.002000,0.003000,gyro
1786611601181000,0.100000,-9.800000,0.200000,accel
1786611601181000,0.001000,0.002000,0.003000,gyro
1786611601182000,0.100000,-9.800000,0.200000,accel
1786611601182000,0.001000,0.002000,0.003000,gyro
1786611601183000,0.100000,-9.800000,0.200000,accel
1786611601183000,0.001000,0.002000,0.003000,gyro
1786611601184000,0.100000,-9.800000,0.200000,accel
1786611601184000,0.001000,0.002000,0.003000,gyro
1786611601185000,0.100000,-9.800000,0.200000,accel
1786611601185000,0.001000,0.002000,0.003000,gyro
1786611601186000,0.100000,-9.800000,0.200000,accel
1786611601186000,0.001000,0.002000,0.003000,gyro
1786611601187000,0.100000,-9.800000,0.200000,accel
1786611601187000,0.001000,0.002000,0.003000,gyro
1786611601188000,0.100000,-9.800000,0.200000,accel
1786611601188000,0.001000,0.002000,0.003000,gyro
1786611601189000,0.100000,-9.800000,0.200000,accel
1786611601189000,0.001000,0.002000,0.003000,gyro
1786611601190000,0.100000,-9.800000,0.200000,accel
1786611601190000,0.001000,0.002000,0.003000,gyro
1786611601191000,0.100000,-9.800000,0.200000,accel
1786611601191000,0.001000,0.002000,0.003000,gyro
1786611601192000,0.100000,-9.800000,0.200000,accel
1786611601192000,0.001000,0.002000,0.003000,gyro
1786611601193000,0.100000,-9.800000,0.200000,accel
1786611601193000,0.001000,0.002000,0.003000,gyro
1786611601194000,0.100000,-9.800000,0.200000,accel
1786611601194000,0.001000,0.002000,0.003000,gyro
1786611601195000,0.100000,-9.800000,0.200000,accel
1786611601195000,0.001000,0.002000,0.003000,gyro
1786611601196000,0.100000,-9.800000,0.200000,accel
1786611601196000,0.001000,0.002000,0.003000,gyro
1786611601197000,0.100000,-9.800000,0.200000,accel
1786611601197000,0.001000,0.002000,0.003000,gyro
1786611601198000,0.100000,-9.800000,0.200000,accel
1786611601198000,0.001000,0.002000,0.003000,gyro
1786611601199000,0.100000,-9.800000,0.200000,accel
1786611601199000,0.001000,0.002000,0.003000,gyro
1786611601200000,0.100000,-9.800000,0.200000,accel
1786611601200000,0.001000,0.002000,0.003000,gyro
1786611601201000,0.100000,-9.800000,0.200000,accel
1786611601201000,0.001000,0.002000,0.003000,gyro
1786611601202000,0.100000,-9.800000,0.200000,accel
1786611601202000,0.001000,0.002000,0.003000,gyro
1786611601203000,0.100000,-9.800000,0.200000,accel
1786611601203000,0.001000,0.002000,0.003000,gyro
1786611601204000,0.100000,-9.800000,0.200000,accel
1786611601204000,0.001000,0.002000,0.003000,gyro
1786611601205000,0.100000,-9.800000,0.200000,accel
1786611601205000,0.001000,0.002000,0.003000,gyro
1786611601206000,0.100000,-9.800000,0.200000,accel
1786611601206000,0.001000,0.002000,0.003000,gyro
1786611601207000,0.100000,-9.800000,0.200000,accel
1786611601207000,0.001000,0.002000,0.003000,gyro
1786611601208000,0.100000,-9.800000,0.200000,accel
1786611601208000,0.001000,0.002000,0.003000,gyro
1786611601209000,0.100000,-9.800000,0.200000,accel
1786611601209000,0.001000,0.002000,0.003000,gyro
1786611601210000,0.100000,-9.800000,0.200000,accel
1786611601210000,0.001000,0.002000,0.003000,gyro
1786611601211000,0.100000,-9.800000,0.200000,accel
1786611601211000,0.001000,0.002000,0.003000,gyro
1786611601212000,0.100000,-9.800000,0.200000,accel
1786611601212000,0.001000,0.002000,0.003000,gyro
1786611601213000,0.100000,-9.800000,0.200000,accel
1786611601213000,0.001000,0.002000,0.003000,gyro
1786611601214000,0.100000,-9.800000,0.200000,accel
1786611601214000,0.001000,0.002000,0.003000,gyro
1786611601215000,0.100000,-9.800000,0.200000,accel
1786611601215000,0.001000,0.002000,0.003000,gyro
1786611601216000,0.100000,-9.800000,0.200000,accel
1786611601216000,0.001000,0.002000,0.003000,gyro
1786611601217000,0.100000,-9.800000,0.200000,accel
1786611601217000,0.001000,0.002000,0.003000,gyro
1786611601218000,0.100000,-9.800000,0.200000,accel
1786611601218000,0.001000,0.002000,0.003000,gyro
1786611601219000,0.100000,-9.800000,0.200000,accel
1786611601219000,0.001000,0.002000,0.003000,gyro
1786611601220000,0.100000,-9.800000,0.200000,accel
1786611601220000,0.001000,0.002000,0.003000,gyro
1786611601221000,0.100000,-9.800000,0.200000,accel
1786611601221000,0.001000,0.002000,0.003000,gyro
1786611601222000,0.100000,-9.800000,0.200000,accel
1786611601222000,0.001000,0.002000,0.003000,gyro
1786611601223000,0.100000,-9.800000,0.200000,accel
1786611601223000,0.001000,0.002000,0.003000,gyro
1786611601224000,0.100000,-9.800000,0.200000,accel
1786611601224000,0.001000,0.002000,0.003000,gyro
1786611601225000,0.100000,-9.800000,0.200000,accel
1786611601225000,0.001000,0.002000,0.003000,gyro
1786611601226000,0.100000,-9.800000,0.200000,accel
1786611601226000,0.001000,0.002000,0.003000,gyro
1786611601227000,0.100000,-9.800000,0.200000,accel
1786611601227000,0.001000,0.002000,0.003000,gyro
1786611601228000,0.100000,-9.800000,0.200000,accel
1786611601228000,0.001000,0.002000,0.003000,gyro
1786611601229000,0.100000,-9.800000,0.200000,accel
1786611601229000,0.001000,0.002000,0.003000,gyro
1786611601230000,0.100000,-9.800000,0.200000,accel
1786611601230000,0.001000,0.002000,0.003000,gyro
1786611601231000,0.100000,-9.800000,0.200000,accel
1786611601231000,0.001000,0.002000,0.003000,gyro
1786611601232000,0.100000,-9.800000,0.200000,accel
1786611601232000,0.001000,0.002000,0.003000,gyro
1786611601233000,0.100000,-9.800000,0.200000,accel
1786611601233000,0.001000,0.002000,0.003000,gyro
1786611601234000,0.100000,-9.800000,0.200000,accel
1786611601234000,0.001000,0.002000,0.003000,gyro
1786611601235000,0.100000,-9.800000,0.200000,accel
1786611601235000,0.001000,0.002000,0.003000,gyro
1786611601236000,0.100000,-9.800000,0.200000,accel
1786611601236000,0.001000,0.002000,0.003000,gyro
1786611601237000,0.100000,-9.800000,0.200000,accel
1786611601237000,0.001000,0.002000,0.003000,gyro
1786611601238000,0.100000,-9.800000,0.200000,accel
1786611601238000,0.001000,0.002000,0.003000,gyro
1786611601239000,0.100000,-9.800000,0.200000,accel
1786611601239000,0.001000,0.002000,0.003000,gyro
1786611601240000,0.100000,-9.800000,0.200000,accel
1786611601240000,0.001000,0.002000,0.003000,gyro
1786611601241000,0.100000,-9.800000,0.200000,accel
1786611601241000,0.001000,0.002000,0.003000,gyro
1786611601242000,0.100000,-9.800000,0.200000,accel
1786611601242000,0.001000,0.002000,0.003000,gyro
1786611601243000,0.100000,-9.800000,0.200000,accel
1786611601243000,0.001000,0.002000,0.003000,gyro
1786611601244000,0.100000,-9.800000,0.200000,accel
1786611601244000,0.001000,0.002000,0.003000,gyro
1786611601245000,0.100000,-9.800000,0.200000,accel
1786611601245000,0.001000,0.002000,0.003000,gyro
1786611601246000,0.100000,-9.800000,0.200000,accel
1786611601246000,0.001000,0.002000,0.003000,gyro
1786611601247000,0.100000,-9.800000,0.200000,accel
1786611601247000,0.001000,0.002000,0.003000,gyro
1786611601248000,0.100000,-9.800000,0.200000,accel
1786611601248000,0.001000,0.002000,0.003000,gyro
1786611601249000,0.100000,-9.800000,0.200000,accel
1786611601249000,0.001000,0.002000,0.003000,gyro
1786611601250000,0.100000,-9.800000,0.200000,accel
1786611601250000,0.001000,0.002000,0.003000,gyro
1786611601251000,0.100000,-9.800000,0.200000,accel
1786611601251000,0.001000,0.002000,0.003000,gyro
1786611601252000,0.100000,-9.800000,0.200000,accel
1786611601252000,0.001000,0.002000,0.003000,gyro
1786611601253000,0.100000,-9.800000,0.200000,accel
1786611601253000,0.001000,0.002000,0.003000,gyro
1786611601254000,0.100000,-9.800000,0.200000,accel
1786611601254000,0.001000,0.002000,0.003000,gyro
1786611601255000,0.100000,-9.800000,0.200000,accel
1786611601255000,0.001000,0.002000,0.003000,gyro
1786611601256000,0.100000,-9.800000,0.200000,accel
1786611601256000,0.001000,0.002000,0.003000,gyro
1786611601257000,0.100000,-9.800000,0.200000,accel
1786611601257000,0.001000,0.002000,0.003000,gyro
1786611601258000,0.100000,-9.800000,0.200000,accel
1786611601258000,0.001000,0.002000,0.003000,gyro
1786611601259000,0.100000,-9.800000,0.200000,accel
1786611601259000,0.001000,0.002000,0.003000,gyro
1786611601260000,0.100000,-9.800000,0.200000,accel
1786611601260000,0.001000,0.002000,0.003000,gyro
1786611601261000,0.100000,-9.800000,0.200000,accel
1786611601261000,0.001000,0.002000,0.003000,gyro
1786611601262000,0.100000,-9.800000,0.200000,accel
1786611601262000,0.001000,0.002000,0.003000,gyro
1786611601263000,0.100000,-9.800000,0.200000,accel
1786611601263000,0.001000,0.002000,0.003000,gyro
1786611601264000,0.100000,-9.800000,0.200000,accel
1786611601264000,0.001000,0.002000,0.003000,gyro
1786611601265000,0.100000,-9.800000,0.200000,accel
1786611601265000,0.001000,0.002000,0.003000,gyro
1786611601266000,0.100000,-9.800000,0.200000,accel
1786611601266000,0.001000,0.002000,0.003000,gyro
1786611601267000,0.100000,-9.800000,0.200000,accel
1786611601267000,0.001000,0.002000,0.003000,gyro
1786611601268000,0.100000,-9.800000,0.200000,accel
1786611601268000,0.001000,0.002000,0.003000,gyro
1786611601269000,0.100000,-9.800000,0.200000,accel
1786611601269000,0.001000,0.002000,0.003000,gyro
1786611601270000,0.100000,-9.800000,0.200000,accel
1786611601270000,0.001000,0.002000,0.003000,gyro
1786611601271000,0.100000,-9.800000,0.200000,accel
1786611601271000,0.001000,0.002000,0.003000,gyro
1786611601272000,0.100000,-9.800000,0.200000,accel
1786611601272000,0.001000,0.002000,0.003000,gyro
1786611601273000,0.100000,-9.800000,0.200000,accel
1786611601273000,0.001000,0.002000,0.003000,gyro
1786611601274000,0.100000,-9.800000,0.200000,accel
1786611601274000,0.001000,0.002000,0.003000,gyro
1786611601275000,0.100000,-9.800000,0.200000,accel
1786611601275000,0.001000,0.002000,0.003000,gyro
1786611601276000,0.100000,-9.800000,0.200000,accel
1786611601276000,0.001000,0.002000,0.003000,gyro
1786611601277000,0.100000,-9.800000,0.200000,accel
1786611601277000,0.001000,0.002000,0.003000,gyro
1786611601278000,0.100000,-9.800000,0.200000,accel
1786611601278000,0.001000,0.002000,0.003000,gyro
1786611601279000,0.100000,-9.800000,0.200000,accel
1786611601279000,0.001000,0.002000,0.003000,gyro
1786611601280000,0.100000,-9.800000,0.200000,accel
1786611601280000,0.001000,0.002000,0.003000,gyro
1786611601281000,0.100000,-9.800000,0.200000,accel
1786611601281000,0.001000,0.002000,0.003000,gyro
1786611601282000,0.100000,-9.800000,0.200000,accel
1786611601282000,0.001000,0.002000,0.003000,gyro
1786611601283000,0.100000,-9.800000,0.200000,accel
1786611601283000,0.001000,0.002000,0.003000,gyro
1786611601284000,0.100000,-9.800000,0.200000,accel
1786611601284000,0.001000,0.002000,0.003000,gyro
1786611601285000,0.100000,-9.800000,0.200000,accel
1786611601285000,0.001000,0.002000,0.003000,gyro
1786611601286000,0.100000,-9.800000,0.200000,accel
1786611601286000,0.001000,0.002000,0.003000,gyro
1786611601287000,0.100000,-9.800000,0.200000,accel
1786611601287000,0.001000,0.002000,0.003000,gyro
1786611601288000,0.100000,-9.800000,0.200000,accel
1786611601288000,0.001000,0.002000,0.003000,gyro
1786611601289000,0.100000,-9.800000,0.200000,accel
1786611601289000,0.001000,0.002000,0.003000,gyro
1786611601290000,0.100000,-9.800000,0.200000,accel
1786611601290000,0.001000,0.002000,0.003000,gyro
1786611601291000,0.100000,-9.800000,0.200000,accel
1786611601291000,0.001000,0.002000,0.003000,gyro
1786611601292000,0.100000,-9.800000,0.200000,accel
1786611601292000,0.001000,0.002000,0.003000,gyro
1786611601293000,0.100000,-9.800000,0.200000,accel
1786611601293000,0.001000,0.002000,0.003000,gyro
1786611601294000,0.100000,-9.800000,0.200000,accel
1786611601294000,0.001000,0.002000,0.003000,gyro
1786611601295000,0.100000,-9.800000,0.200000,accel
1786611601295000,0.001000,0.002000,0.003000,gyro
1786611601296000,0.100000,-9.800000,0.200000,accel
1786611601296000,0.001000,0.002000,0.003000,gyro
1786611601297000,0.100000,-9.800000,0.200000,accel
1786611601297000,0.001000,0.002000,0.003000,gyro
1786611601298000,0.100000,-9.800000,0.200000,accel
1786611601298000,0.001000,0.002000,0.003000,gyro
1786611601299000,0.100000,-9.800000,0.200000,accel
1786611601299000,0.001000,0.002000,0.003000,gyro
1786611601300000,0.100000,-9.800000,0.200000,accel
1786611601300000,0.001000,0.002000,0.003000,gyro
1786611601301000,0.100000,-9.800000,0.200000,accel
1786611601301000,0.001000,0.002000,0.003000,gyro
1786611601302000,0.100000,-9.800000,0.200000,accel
1786611601302000,0.001000,0.002000,0.003000,gyro
1786611601303000,0.100000,-9.800000,0.200000,accel
1786611601303000,0.001000,0.002000,0.003000,gyro
1786611601304000,0.100000,-9.800000,0.200000,accel
1786611601304000,0.001000,0.002000,0.003000,gyro
1786611601305000,0.100000,-9.800000,0.200000,accel
1786611601305000,0.001000,0.002000,0.003000,gyro
1786611601306000,0.100000,-9.800000,0.200000,accel
1786611601306000,0.001000,0.002000,0.003000,gyro
1786611601307000,0.100000,-9.800000,0.200000,accel
1786611601307000,0.001000,0.002000,0.003000,gyro
1786611601308000,0.100000,-9.800000,0.200000,accel
1786611601308000,0.001000,0.002000,0.003000,gyro
1786611601309000,0.100000,-9.800000,0.200000,accel
1786611601309000,0.001000,0.002000,0.003000,gyro
1786611601310000,0.100000,-9.800000,0.200000,accel
1786611601310000,0.001000,0.002000,0.003000,gyro
1786611601311000,0.100000,-9.800000,0.200000,accel
1786611601311000,0.001000,0.002000,0.003000,gyro
1786611601312000,0.100000,-9.800000,0.200000,accel
1786611601312000,0.001000,0.002000,0.003000,gyro
1786611601313000,0.100000,-9.800000,0.200000,accel
1786611601313000,0.001000,0.002000,0.003000,gyro
1786611601314000,0.100000,-9.800000,0.200000,accel
1786611601314000,0.001000,0.002000,0.003000,gyro
1786611601315000,0.100000,-9.800000,0.200000,accel
1786611601315000,0.001000,0.002000,0.003000,gyro
1786611601316000,0.100000,-9.800000,0.200000,accel
1786611601316000,0.001000,0.002000,0.003000,gyro
1786611601317000,0.100000,-9.800000,0.200000,accel
1786611601317000,0.001000,0.002000,0.003000,gyro
1786611601318000,0.100000,-9.800000,0.200000,accel
1786611601318000,0.001000,0.002000,0.003000,gyro
1786611601319000,0.100000,-9.800000,0.200000,accel
1786611601319000,0.001000,0.002000,0.003000,gyro
1786611601320000,0.100000,-9.800000,0.200000,accel
1786611601320000,0.001000,0.002000,0.003000,gyro
1786611601321000,0.100000,-9.800000,0.200000,accel
1786611601321000,0.001000,0.002000,0.003000,gyro
1786611601322000,0.100000,-9.800000,0.200000,accel
1786611601322000,0.001000,0.002000,0.003000,gyro
1786611601323000,0.100000,-9.800000,0.200000,accel
1786611601323000,0.001000,0.002000,0.003000,gyro
1786611601324000,0.100000,-9.800000,0.200000,accel
1786611601324000,0.001000,0.002000,0.003000,gyro
1786611601325000,0.100000,-9.800000,0.200000,accel
1786611601325000,0.001000,0.002000,0.003000,gyro
1786611601326000,0.100000,-9.800000,0.200000,accel
1786611601326000,0.001000,0.002000,0.003000,gyro
1786611601327000,0.100000,-9.800000,0.200000,accel
1786611601327000,0.001000,0.002000,0.003000,gyro
1786611601328000,0.100000,-9.800000,0.200000,accel
1786611601328000,0.001000,0.002000,0.003000,gyro
1786611601329000,0.100000,-9.800000,0.200000,accel
1786611601329000,0.001000,0.002000,0.003000,gyro
1786611601330000,0.100000,-9.800000,0.200000,accel
1786611601330000,0.001000,0.002000,0.003000,gyro
1786611601331000,0.100000,-9.800000,0.200000,accel
1786611601331000,0.001000,0.002000,0.003000,gyro
1786611601332000,0.100000,-9.800000,0.200000,accel
1786611601332000,0.001000,0.002000,0.003000,gyro
1786611601333000,0.100000,-9.800000,0.200000,accel
1786611601333000,0.001000,0.002000,0.003000,gyro
1786611601334000,0.100000,-9.800000,0.200000,accel
1786611601334000,0.001000,0.002000,0.003000,gyro
1786611601335000,0.100000,-9.800000,0.200000,accel
1786611601335000,0.001000,0.002000,0.003000,gyro
1786611601336000,0.100000,-9.800000,0.200000,accel
1786611601336000,0.001000,0.002000,0.003000,gyro
1786611601337000,0.100000,-9.800000,0.200000,accel
1786611601337000,0.001000,0.002000,0.003000,gyro
1786611601338000,0.100000,-9.800000,0.200000,accel
1786611601338000,0.001000,0.002000,0.003000,gyro
1786611601339000,0.100000,-9.800000,0.200000,accel
1786611601339000,0.001000,0.002000,0.003000,gyro
1786611601340000,0.100000,-9.800000,0.200000,accel
1786611601340000,0.001000,0.002000,0.003000,gyro
1786611601341000,0.100000,-9.800000,0.200000,accel
1786611601341000,0.001000,0.002000,0.003000,gyro
1786611601342000,0.100000,-9.800000,0.200000,accel
1786611601342000,0.001000,0.002000,0.003000,gyro
1786611601343000,0.100000,-9.800000,0.200000,accel
1786611601343000,0.001000,0.002000,0.003000,gyro
1786611601344000,0.100000,-9.800000,0.200000,accel
1786611601344000,0.001000,0.002000,0.003000,gyro
1786611601345000,0.100000,-9.800000,0.200000,accel
1786611601345000,0.001000,0.002000,0.003000,gyro
1786611601346000,0.100000,-9.800000,0.200000,accel
1786611601346000,0.001000,0.002000,0.003000,gyro
1786611601347000,0.100000,-9.800000,0.200000,accel
1786611601347000,0.001000,0.002000,0.003000,gyro
1786611601348000,0.100000,-9.800000,0.200000,accel
1786611601348000,0.001000,0.002000,0.003000,gyro
1786611601349000,0.100000,-9.800000,0.200000,accel
1786611601349000,0.001000,0.002000,0.003000,gyro
1786611601350000,0.100000,-9.800000,0.200000,accel
1786611601350000,0.001000,0.002000,0.003000,gyro
1786611601351000,0.100000,-9.800000,0.200000,accel
1786611601351000,0.001000,0.002000,0.003000,gyro
1786611601352000,0.100000,-9.800000,0.200000,accel
1786611601352000,0.001000,0.002000,0.003000,gyro
1786611601353000,0.100000,-9.800000,0.200000,accel
1786611601353000,0.001000,0.002000,0.003000,gyro
1786611601354000,0.100000,-9.800000,0.200000,accel
1786611601354000,0.001000,0.002000,0.003000,gyro
1786611601355000,0.100000,-9.800000,0.200000,accel
1786611601355000,0.001000,0.002000,0.003000,gyro
1786611601356000,0.100000,-9.800000,0.200000,accel
1786611601356000,0.001000,0.002000,0.003000,gyro
1786611601357000,0.100000,-9.800000,0.200000,accel
1786611601357000,0.001000,0.002000,0.003000,gyro
1786611601358000,0.100000,-9.800000,0.200000,accel
1786611601358000,0.001000,0.002000,0.003000,gyro
1786611601359000,0.100000,-9.800000,0.200000,accel
1786611601359000,0.001000,0.002000,0.003000,gyro
1786611601360000,0.100000,-9.800000,0.200000,accel
1786611601360000,0.001000,0.002000,0.003000,gyro
1786611601361000,0.100000,-9.800000,0.200000,accel
1786611601361000,0.001000,0.002000,0.003000,gyro
1786611601362000,0.100000,-9.800000,0.200000,accel
1786611601362000,0.001000,0.002000,0.003000,gyro
1786611601363000,0.100000,-9.800000,0.200000,accel
1786611601363000,0.001000,0.002000,0.003000,gyro
1786611601364000,0.100000,-9.800000,0.200000,accel
1786611601364000,0.001000,0.002000,0.003000,gyro
1786611601365000,0.100000,-9.800000,0.200000,accel
1786611601365000,0.001000,0.002000,0.003000,gyro
1786611601366000,0.100000,-9.800000,0.200000,accel
1786611601366000,0.001000,0.002000,0.003000,gyro
1786611601367000,0.100000,-9.800000,0.200000,accel
1786611601367000,0.001000,0.002000,0.003000,gyro
1786611601368000,0.100000,-9.800000,0.200000,accel
1786611601368000,0.001000,0.002000,0.003000,gyro
1786611601369000,0.100000,-9.800000,0.200000,accel
1786611601369000,0.001000,0.002000,0.003000,gyro
1786611601370000,0.100000,-9.800000,0.200000,accel
1786611601370000,0.001000,0.002000,0.003000,gyro
1786611601371000,0.100000,-9.800000,0.200000,accel
1786611601371000,0.001000,0.002000,0.003000,gyro
1786611601372000,0.100000,-9.800000,0.200000,accel
1786611601372000,0.001000,0.002000,0.003000,gyro
1786611601373000,0.100000,-9.800000,0.200000,accel
1786611601373000,0.001000,0.002000,0.003000,gyro
1786611601374000,0.100000,-9.800000,0.200000,accel
1786611601374000,0.001000,0.002000,0.003000,gyro
1786611601375000,0.100000,-9.800000,0.200000,accel
1786611601375000,0.001000,0.002000,0.003000,gyro
1786611601376000,0.100000,-9.800000,0.200000,accel
1786611601376000,0.001000,0.002000,0.003000,gyro
1786611601377000,0.100000,-9.800000,0.200000,accel
1786611601377000,0.001000,0.002000,0.003000,gyro
1786611601378000,0.100000,-9.800000,0.200000,accel
1786611601378000,0.001000,0.002000,0.003000,gyro
1786611601379000,0.100000,-9.800000,0.200000,accel
1786611601379000,0.001000,0.002000,0.003000,gyro
1786611601380000,0.100000,-9.800000,0.200000,accel
1786611601380000,0.001000,0.002000,0.003000,gyro
1786611601381000,0.100000,-9.800000,0.200000,accel
1786611601381000,0.001000,0.002000,0.003000,gyro
1786611601382000,0.100000,-9.800000,0.200000,accel
1786611601382000,0.001000,0.002000,0.003000,gyro
1786611601383000,0.100000,-9.800000,0.200000,accel
1786611601383000,0.001000,0.002000,0.003000,gyro
1786611601384000,0.100000,-9.800000,0.200000,accel
1786611601384000,0.001000,0.002000,0.003000,gyro
1786611601385000,0.100000,-9.800000,0.200000,accel
1786611601385000,0.001000,0.002000,0.003000,gyro
1786611601386000,0.100000,-9.800000,0.200000,accel
1786611601386000,0.001000,0.002000,0.003000,gyro
1786611601387000,0.100000,-9.800000,0.200000,accel
1786611601387000,0.001000,0.002000,0.003000,gyro
1786611601388000,0.100000,-9.800000,0.200000,accel
1786611601388000,0.001000,0.002000,0.003000,gyro
1786611601389000,0.100000,-9.800000,0.200000,accel
1786611601389000,0.001000,0.002000,0.003000,gyro
1786611601390000,0.100000,-9.800000,0.200000,accel
1786611601390000,0.001000,0.002000,0.003000,gyro
1786611601391000,0.100000,-9.800000,0.200000,accel
1786611601391000,0.001000,0.002000,0.003000,gyro
1786611601392000,0.100000,-9.800000,0.200000,accel
1786611601392000,0.001000,0.002000,0.003000,gyro
1786611601393000,0.100000,-9.800000,0.200000,accel
1786611601393000,0.001000,0.002000,0.003000,gyro
1786611601394000,0.100000,-9.800000,0.200000,accel
1786611601394000,0.001000,0.002000,0.003000,gyro
1786611601395000,0.100000,-9.800000,0.200000,accel
1786611601395000,0.001000,0.002000,0.003000,gyro
1786611601396000,0.100000,-9.800000,0.200000,accel
1786611601396000,0.001000,0.002000,0.003000,gyro
1786611601397000,0.100000,-9.800000,0.200000,accel
1786611601397000,0.001000,0.002000,0.003000,gyro
1786611601398000,0.100000,-9.800000,0.200000,accel
1786611601398000,0.001000,0.002000,0.003000,gyro
1786611601399000,0.100000,-9.800000,0.200000,accel
1786611601399000,0.001000,0.002000,0.003000,gyro
1786611601400000,0.100000,-9.800000,0.200000,accel
1786611601400000,0.001000,0.002000,0.003000,gyro
1786611601401000,0.100000,-9.800000,0.200000,accel
1786611601401000,0.001000,0.002000,0.003000,gyro
1786611601402000,0.100000,-9.800000,0.200000,accel
1786611601402000,0.001000,0.002000,0.003000,gyro
1786611601403000,0.100000,-9.800000,0.200000,accel
1786611601403000,0.001000,0.002000,0.003000,gyro
1786611601404000,0.100000,-9.800000,0.200000,accel
1786611601404000,0.001000,0.002000,0.003000,gyro
1786611601405000,0.100000,-9.800000,0.200000,accel
1786611601405000,0.001000,0.002000,0.003000,gyro
1786611601406000,0.100000,-9.800000,0.200000,accel
1786611601406000,0.001000,0.002000,0.003000,gyro
1786611601407000,0.100000,-9.800000,0.200000,accel
1786611601407000,0.001000,0.002000,0.003000,gyro
1786611601408000,0.100000,-9.800000,0.200000,accel
1786611601408000,0.001000,0.002000,0.003000,gyro
1786611601409000,0.100000,-9.800000,0.200000,accel
1786611601409000,0.001000,0.002000,0.003000,gyro
1786611601410000,0.100000,-9.800000,0.200000,accel
1786611601410000,0.001000,0.002000,0.003000,gyro
1786611601411000,0.100000,-9.800000,0.200000,accel
1786611601411000,0.001000,0.002000,0.003000,gyro
1786611601412000,0.100000,-9.800000,0.200000,accel
1786611601412000,0.001000,0.002000,0.003000,gyro
1786611601413000,0.100000,-9.800000,0.200000,accel
1786611601413000,0.001000,0.002000,0.003000,gyro
1786611601414000,0.100000,-9.800000,0.200000,accel
1786611601414000,0.001000,0.002000,0.003000,gyro
1786611601415000,0.100000,-9.800000,0.200000,accel
1786611601415000,0.001000,0.002000,0.003000,gyro
1786611601416000,0.100000,-9.800000,0.200000,accel
1786611601416000,0.001000,0.002000,0.003000,gyro
1786611601417000,0.100000,-9.800000,0.200000,accel
1786611601417000,0.001000,0.002000,0.003000,gyro
1786611601418000,0.100000,-9.800000,0.200000,accel
1786611601418000,0.001000,0.002000,0.003000,gyro
1786611601419000,0.100000,-9.800000,0.200000,accel
1786611601419000,0.001000,0.002000,0.003000,gyro
1786611601420000,0.100000,-9.800000,0.200000,accel
1786611601420000,0.001000,0.002000,0.003000,gyro
1786611601421000,0.100000,-9.800000,0.200000,accel
1786611601421000,0.001000,0.002000,0.003000,gyro
1786611601422000,0.100000,-9.800000,0.200000,accel
1786611601422000,0.001000,0.002000,0.003000,gyro
1786611601423000,0.100000,-9.800000,0.200000,accel
1786611601423000,0.001000,0.002000,0.003000,gyro
1786611601424000,0.100000,-9.800000,0.200000,accel
1786611601424000,0.001000,0.002000,0.003000,gyro
1786611601425000,0.100000,-9.800000,0.200000,accel
1786611601425000,0.001000,0.002000,0.003000,gyro
1786611601426000,0.100000,-9.800000,0.200000,accel
1786611601426000,0.001000,0.002000,0.003000,gyro
1786611601427000,0.100000,-9.800000,0.200000,accel
1786611601427000,0.001000,0.002000,0.003000,gyro
1786611601428000,0.100000,-9.800000,0.200000,accel
1786611601428000,0.001000,0.002000,0.003000,gyro
1786611601429000,0.100000,-9.800000,0.200000,accel
1786611601429000,0.001000,0.002000,0.003000,gyro
1786611601430000,0.100000,-9.800000,0.200000,accel
1786611601430000,0.001000,0.002000,0.003000,gyro
1786611601431000,0.100000,-9.800000,0.200000,accel
1786611601431000,0.001000,0.002000,0.003000,gyro
1786611601432000,0.100000,-9.800000,0.200000,accel
1786611601432000,0.001000,0.002000,0.003000,gyro
1786611601433000,0.100000,-9.800000,0.200000,accel
1786611601433000,0.001000,0.002000,0.003000,gyro
1786611601434000,0.100000,-9.800000,0.200000,accel
1786611601434000,0.001000,0.002000,0.003000,gyro
1786611601435000,0.100000,-9.800000,0.200000,accel
1786611601435000,0.001000,0.002000,0.003000,gyro
1786611601436000,0.100000,-9.800000,0.200000,accel
1786611601436000,0.001000,0.002000,0.003000,gyro
1786611601437000,0.100000,-9.800000,0.200000,accel
1786611601437000,0.001000,0.002000,0.003000,gyro
1786611601438000,0.100000,-9.800000,0.200000,accel
1786611601438000,0.001000,0.002000,0.003000,gyro
1786611601439000,0.100000,-9.800000,0.200000,accel
1786611601439000,0.001000,0.002000,0.003000,gyro
1786611601440000,0.100000,-9.800000,0.200000,accel
1786611601440000,0.001000,0.002000,0.003000,gyro
1786611601441000,0.100000,-9.800000,0.200000,accel
1786611601441000,0.001000,0.002000,0.003000,gyro
1786611601442000,0.100000,-9.800000,0.200000,accel
1786611601442000,0.001000,0.002000,0.003000,gyro
1786611601443000,0.100000,-9.800000,0.200000,accel
1786611601443000,0.001000,0.002000,0.003000,gyro
1786611601444000,0.100000,-9.800000,0.200000,accel
1786611601444000,0.001000,0.002000,0.003000,gyro
1786611601445000,0.100000,-9.800000,0.200000,accel
1786611601445000,0.001000,0.002000,0.003000,gyro
1786611601446000,0.100000,-9.800000,0.200000,accel
1786611601446000,0.001000,0.002000,0.003000,gyro
1786611601447000,0.100000,-9.800000,0.200000,accel
1786611601447000,0.001000,0.002000,0.003000,gyro
1786611601448000,0.100000,-9.800000,0.200000,accel
1786611601448000,0.001000,0.002000,0.003000,gyro
1786611601449000,0.100000,-9.800000,0.200000,accel
1786611601449000,0.001000,0.002000,0.003000,gyro
1786611601450000,0.100000,-9.800000,0.200000,accel
1786611601450000,0.001000,0.002000,0.003000,gyro
1786611601451000,0.100000,-9.800000,0.200000,accel
1786611601451000,0.001000,0.002000,0.003000,gyro
1786611601452000,0.100000,-9.800000,0.200000,accel
1786611601452000,0.001000,0.002000,0.003000,gyro
1786611601453000,0.100000,-9.800000,0.200000,accel
1786611601453000,0.001000,0.002000,0.003000,gyro
1786611601454000,0.100000,-9.800000,0.200000,accel
1786611601454000,0.001000,0.002000,0.003000,gyro
1786611601455000,0.100000,-9.800000,0.200000,accel
1786611601455000,0.001000,0.002000,0.003000,gyro
1786611601456000,0.100000,-9.800000,0.200000,accel
1786611601456000,0.001000,0.002000,0.003000,gyro
1786611601457000,0.100000,-9.800000,0.200000,accel
1786611601457000,0.001000,0.002000,0.003000,gyro
1786611601458000,0.100000,-9.800000,0.200000,accel
1786611601458000,0.001000,0.002000,0.003000,gyro
1786611601459000,0.100000,-9.800000,0.200000,accel
1786611601459000,0.001000,0.002000,0.003000,gyro
1786611601460000,0.100000,-9.800000,0.200000,accel
1786611601460000,0.001000,0.002000,0.003000,gyro
1786611601461000,0.100000,-9.800000,0.200000,accel
1786611601461000,0.001000,0.002000,0.003000,gyro
1786611601462000,0.100000,-9.800000,0.200000,accel
1786611601462000,0.001000,0.002000,0.003000,gyro
1786611601463000,0.100000,-9.800000,0.200000,accel
1786611601463000,0.001000,0.002000,0.003000,gyro
1786611601464000,0.100000,-9.800000,0.200000,accel
1786611601464000,0.001000,0.002000,0.003000,gyro
1786611601465000,0.100000,-9.800000,0.200000,accel
1786611601465000,0.001000,0.002000,0.003000,gyro
1786611601466000,0.100000,-9.800000,0.200000,accel
1786611601466000,0.001000,0.002000,0.003000,gyro
1786611601467000,0.100000,-9.800000,0.200000,accel
1786611601467000,0.001000,0.002000,0.003000,gyro
1786611601468000,0.100000,-9.800000,0.200000,accel
1786611601468000,0.001000,0.002000,0.003000,gyro
1786611601469000,0.100000,-9.800000,0.200000,accel
1786611601469000,0.001000,0.002000,0.003000,gyro
1786611601470000,0.100000,-9.800000,0.200000,accel
1786611601470000,0.001000,0.002000,0.003000,gyro
1786611601471000,0.100000,-9.800000,0.200000,accel
1786611601471000,0.001000,0.002000,0.003000,gyro
1786611601472000,0.100000,-9.800000,0.200000,accel
1786611601472000,0.001000,0.002000,0.003000,gyro
1786611601473000,0.100000,-9.800000,0.200000,accel
1786611601473000,0.001000,0.002000,0.003000,gyro
1786611601474000,0.100000,-9.800000,0.200000,accel
1786611601474000,0.001000,0.002000,0.003000,gyro
1786611601475000,0.100000,-9.800000,0.200000,accel
1786611601475000,0.001000,0.002000,0.003000,gyro
1786611601476000,0.100000,-9.800000,0.200000,accel
1786611601476000,0.001000,0.002000,0.003000,gyro
1786611601477000,0.100000,-9.800000,0.200000,accel
1786611601477000,0.001000,0.002000,0.003000,gyro
1786611601478000,0.100000,-9.800000,0.200000,accel
1786611601478000,0.001000,0.002000,0.003000,gyro
1786611601479000,0.100000,-9.800000,0.200000,accel
1786611601479000,0.001000,0.002000,0.003000,gyro
1786611601480000,0.100000,-9.800000,0.200000,accel
1786611601480000,0.001000,0.002000,0.003000,gyro
1786611601481000,0.100000,-9.800000,0.200000,accel
1786611601481000,0.001000,0.002000,0.003000,gyro
1786611601482000,0.100000,-9.800000,0.200000,accel
1786611601482000,0.001000,0.002000,0.003000,gyro
1786611601483000,0.100000,-9.800000,0.200000,accel
1786611601483000,0.001000,0.002000,0.003000,gyro
1786611601484000,0.100000,-9.800000,0.200000,accel
1786611601484000,0.001000,0.002000,0.003000,gyro
1786611601485000,0.100000,-9.800000,0.200000,accel
1786611601485000,0.001000,0.002000,0.003000,gyro
1786611601486000,0.100000,-9.800000,0.200000,accel
1786611601486000,0.001000,0.002000,0.003000,gyro
1786611601487000,0.100000,-9.800000,0.200000,accel
1786611601487000,0.001000,0.002000,0.003000,gyro
1786611601488000,0.100000,-9.800000,0.200000,accel
1786611601488000,0.001000,0.002000,0.003000,gyro
1786611601489000,0.100000,-9.800000,0.200000,accel
1786611601489000,0.001000,0.002000,0.003000,gyro
1786611601490000,0.100000,-9.800000,0.200000,accel
1786611601490000,0.001000,0.002000,0.003000,gyro
1786611601491000,0.100000,-9.800000,0.200000,accel
1786611601491000,0.001000,0.002000,0.003000,gyro
1786611601492000,0.100000,-9.800000,0.200000,accel
1786611601492000,0.001000,0.002000,0.003000,gyro
1786611601493000,0.100000,-9.800000,0.200000,accel
1786611601493000,0.001000,0.002000,0.003000,gyro
1786611601494000,0.100000,-9.800000,0.200000,accel
1786611601494000,0.001000,0.002000,0.003000,gyro
1786611601495000,0.100000,-9.800000,0.200000,accel
1786611601495000,0.001000,0.002000,0.003000,gyro
1786611601496000,0.100000,-9.800000,0.200000,accel
1786611601496000,0.001000,0.002000,0.003000,gyro
1786611601497000,0.100000,-9.800000,0.200000,accel
1786611601497000,0.001000,0.002000,0.003000,gyro
1786611601498000,0.100000,-9.800000,0.200000,accel
1786611601498000,0.001000,0.002000,0.003000,gyro
1786611601499000,0.100000,-9.800000,0.200000,accel
1786611601499000,0.001000,0.002000,0.003000,gyro
1786611601500000,0.100000,-9.800000,0.200000,accel
1786611601500000,0.001000,0.002000,0.003000,gyro
1786611601501000,0.100000,-9.800000,0.200000,accel
1786611601501000,0.001000,0.002000,0.003000,gyro
1786611601502000,0.100000,-9.800000,0.200000,accel
1786611601502000,0.001000,0.002000,0.003000,gyro
1786611601503000,0.100000,-9.800000,0.200000,accel
1786611601503000,0.001000,0.002000,0.003000,gyro
1786611601504000,0.100000,-9.800000,0.200000,accel
1786611601504000,0.001000,0.002000,0.003000,gyro
1786611601505000,0.100000,-9.800000,0.200000,accel
1786611601505000,0.001000,0.002000,0.003000,gyro
1786611601506000,0.100000,-9.800000,0.200000,accel
1786611601506000,0.001000,0.002000,0.003000,gyro
1786611601507000,0.100000,-9.800000,0.200000,accel
1786611601507000,0.001000,0.002000,0.003000,gyro
1786611601508000,0.100000,-9.800000,0.200000,accel
1786611601508000,0.001000,0.002000,0.003000,gyro
1786611601509000,0.100000,-9.800000,0.200000,accel
1786611601509000,0.001000,0.002000,0.003000,gyro
1786611601510000,0.100000,-9.800000,0.200000,accel
1786611601510000,0.001000,0.002000,0.003000,gyro
1786611601511000,0.100000,-9.800000,0.200000,accel
1786611601511000,0.001000,0.002000,0.003000,gyro
1786611601512000,0.100000,-9.800000,0.200000,accel
1786611601512000,0.001000,0.002000,0.003000,gyro
1786611601513000,0.100000,-9.800000,0.200000,accel
1786611601513000,0.001000,0.002000,0.003000,gyro
1786611601514000,0.100000,-9.800000,0.200000,accel
1786611601514000,0.001000,0.002000,0.003000,gyro
1786611601515000,0.100000,-9.800000,0.200000,accel
1786611601515000,0.001000,0.002000,0.003000,gyro
1786611601516000,0.100000,-9.800000,0.200000,accel
1786611601516000,0.001000,0.002000,0.003000,gyro
1786611601517000,0.100000,-9.800000,0.200000,accel
1786611601517000,0.001000,0.002000,0.003000,gyro
1786611601518000,0.100000,-9.800000,0.200000,accel
1786611601518000,0.001000,0.002000,0.003000,gyro
1786611601519000,0.100000,-9.800000,0.200000,accel
1786611601519000,0.001000,0.002000,0.003000,gyro
1786611601520000,0.100000,-9.800000,0.200000,accel
1786611601520000,0.001000,0.002000,0.003000,gyro
1786611601521000,0.100000,-9.800000,0.200000,accel
1786611601521000,0.001000,0.002000,0.003000,gyro
1786611601522000,0.100000,-9.800000,0.200000,accel
1786611601522000,0.001000,0.002000,0.003000,gyro
1786611601523000,0.100000,-9.800000,0.200000,accel
1786611601523000,0.001000,0.002000,0.003000,gyro
1786611601524000,0.100000,-9.800000,0.200000,accel
1786611601524000,0.001000,0.002000,0.003000,gyro
1786611601525000,0.100000,-9.800000,0.200000,accel
1786611601525000,0.001000,0.002000,0.003000,gyro
1786611601526000,0.100000,-9.800000,0.200000,accel
1786611601526000,0.001000,0.002000,0.003000,gyro
1786611601527000,0.100000,-9.800000,0.200000,accel
1786611601527000,0.001000,0.002000,0.003000,gyro
1786611601528000,0.100000,-9.800000,0.200000,accel
1786611601528000,0.001000,0.002000,0.003000,gyro
1786611601529000,0.100000,-9.800000,0.200000,accel
1786611601529000,0.001000,0.002000,0.003000,gyro
1786611601530000,0.100000,-9.800000,0.200000,accel
1786611601530000,0.001000,0.002000,0.003000,gyro
1786611601531000,0.100000,-9.800000,0.200000,accel
1786611601531000,0.001000,0.002000,0.003000,gyro
1786611601532000,0.100000,-9.800000,0.200000,accel
1786611601532000,0.001000,0.002000,0.003000,gyro
1786611601533000,0.100000,-9.800000,0.200000,accel
1786611601533000,0.001000,0.002000,0.003000,gyro
1786611601534000,0.100000,-9.800000,0.200000,accel
1786611601534000,0.001000,0.002000,0.003000,gyro
1786611601535000,0.100000,-9.800000,0.200000,accel
1786611601535000,0.001000,0.002000,0.003000,gyro
1786611601536000,0.100000,-9.800000,0.200000,accel
1786611601536000,0.001000,0.002000,0.003000,gyro
1786611601537000,0.100000,-9.800000,0.200000,accel
1786611601537000,0.001000,0.002000,0.003000,gyro
1786611601538000,0.100000,-9.800000,0.200000,accel
1786611601538000,0.001000,0.002000,0.003000,gyro
1786611601539000,0.100000,-9.800000,0.200000,accel
1786611601539000,0.001000,0.002000,0.003000,gyro
1786611601540000,0.100000,-9.800000,0.200000,accel
1786611601540000,0.001000,0.002000,0.003000,gyro
1786611601541000,0.100000,-9.800000,0.200000,accel
1786611601541000,0.001000,0.002000,0.003000,gyro
1786611601542000,0.100000,-9.800000,0.200000,accel
1786611601542000,0.001000,0.002000,0.003000,gyro
1786611601543000,0.100000,-9.800000,0.200000,accel
1786611601543000,0.001000,0.002000,0.003000,gyro
1786611601544000,0.100000,-9.800000,0.200000,accel
1786611601544000,0.001000,0.002000,0.003000,gyro
1786611601545000,0.100000,-9.800000,0.200000,accel
1786611601545000,0.001000,0.002000,0.003000,gyro
1786611601546000,0.100000,-9.800000,0.200000,accel
1786611601546000,0.001000,0.002000,0.003000,gyro
1786611601547000,0.100000,-9.800000,0.200000,accel
1786611601547000,0.001000,0.002000,0.003000,gyro
1786611601548000,0.100000,-9.800000,0.200000,accel
1786611601548000,0.001000,0.002000,0.003000,gyro
1786611601549000,0.100000,-9.800000,0.200000,accel
1786611601549000,0.001000,0.002000,0.003000,gyro
1786611601550000,0.100000,-9.800000,0.200000,accel
1786611601550000,0.001000,0.002000,0.003000,gyro
1786611601551000,0.100000,-9.800000,0.200000,accel
1786611601551000,0.001000,0.002000,0.003000,gyro
1786611601552000,0.100000,-9.800000,0.200000,accel
1786611601552000,0.001000,0.002000,0.003000,gyro
1786611601553000,0.100000,-9.800000,0.200000,accel
1786611601553000,0.001000,0.002000,0.003000,gyro
1786611601554000,0.100000,-9.800000,0.200000,accel
1786611601554000,0.001000,0.002000,0.003000,gyro
1786611601555000,0.100000,-9.800000,0.200000,accel
1786611601555000,0.001000,0.002000,0.003000,gyro
1786611601556000,0.100000,-9.800000,0.200000,accel
1786611601556000,0.001000,0.002000,0.003000,gyro
1786611601557000,0.100000,-9.800000,0.200000,accel
1786611601557000,0.001000,0.002000,0.003000,gyro
1786611601558000,0.100000,-9.800000,0.200000,accel
1786611601558000,0.001000,0.002000,0.003000,gyro
1786611601559000,0.100000,-9.800000,0.200000,accel
1786611601559000,0.001000,0.002000,0.003000,gyro
1786611601560000,0.100000,-9.800000,0.200000,accel
1786611601560000,0.001000,0.002000,0.003000,gyro
1786611601561000,0.100000,-9.800000,0.200000,accel
1786611601561000,0.001000,0.002000,0.003000,gyro
1786611601562000,0.100000,-9.800000,0.200000,accel
1786611601562000,0.001000,0.002000,0.003000,gyro
1786611601563000,0.100000,-9.800000,0.200000,accel
1786611601563000,0.001000,0.002000,0.003000,gyro
1786611601564000,0.100000,-9.800000,0.200000,accel
1786611601564000,0.001000,0.002000,0.003000,gyro
1786611601565000,0.100000,-9.800000,0.200000,accel
1786611601565000,0.001000,0.002000,0.003000,gyro
1786611601566000,0.100000,-9.800000,0.200000,accel
1786611601566000,0.001000,0.002000,0.003000,gyro
1786611601567000,0.100000,-9.800000,0.200000,accel
1786611601567000,0.001000,0.002000,0.003000,gyro
1786611601568000,0.100000,-9.800000,0.200000,accel
1786611601568000,0.001000,0.002000,0.003000,gyro
1786611601569000,0.100000,-9.800000,0.200000,accel
1786611601569000,0.001000,0.002000,0.003000,gyro
1786611601570000,0.100000,-9.800000,0.200000,accel
1786611601570000,0.001000,0.002000,0.003000,gyro
1786611601571000,0.100000,-9.800000,0.200000,accel
1786611601571000,0.001000,0.002000,0.003000,gyro
1786611601572000,0.100000,-9.800000,0.200000,accel
1786611601572000,0.001000,0.002000,0.003000,gyro
1786611601573000,0.100000,-9.800000,0.200000,accel
1786611601573000,0.001000,0.002000,0.003000,gyro
1786611601574000,0.100000,-9.800000,0.200000,accel
1786611601574000,0.001000,0.002000,0.003000,gyro
1786611601575000,0.100000,-9.800000,0.200000,accel
1786611601575000,0.001000,0.002000,0.003000,gyro
1786611601576000,0.100000,-9.800000,0.200000,accel
1786611601576000,0.001000,0.002000,0.003000,gyro
1786611601577000,0.100000,-9.800000,0.200000,accel
1786611601577000,0.001000,0.002000,0.003000,gyro
1786611601578000,0.100000,-9.800000,0.200000,accel
1786611601578000,0.001000,0.002000,0.003000,gyro
1786611601579000,0.100000,-9.800000,0.200000,accel
1786611601579000,0.001000,0.002000,0.003000,gyro
1786611601580000,0.100000,-9.800000,0.200000,accel
1786611601580000,0.001000,0.002000,0.003000,gyro
1786611601581000,0.100000,-9.800000,0.200000,accel
1786611601581000,0.001000,0.002000,0.003000,gyro
1786611601582000,0.100000,-9.800000,0.200000,accel
1786611601582000,0.001000,0.002000,0.003000,gyro
1786611601583000,0.100000,-9.800000,0.200000,accel
1786611601583000,0.001000,0.002000,0.003000,gyro
1786611601584000,0.100000,-9.800000,0.200000,accel
1786611601584000,0.001000,0.002000,0.003000,gyro
1786611601585000,0.100000,-9.800000,0.200000,accel
1786611601585000,0.001000,0.002000,0.003000,gyro
1786611601586000,0.100000,-9.800000,0.200000,accel
1786611601586000,0.001000,0.002000,0.003000,gyro
1786611601587000,0.100000,-9.800000,0.200000,accel
1786611601587000,0.001000,0.002000,0.003000,gyro
1786611601588000,0.100000,-9.800000,0.200000,accel
1786611601588000,0.001000,0.002000,0.003000,gyro
1786611601589000,0.100000,-9.800000,0.200000,accel
1786611601589000,0.001000,0.002000,0.003000,gyro
1786611601590000,0.100000,-9.800000,0.200000,accel
1786611601590000,0.001000,0.002000,0.003000,gyro
1786611601591000,0.100000,-9.800000,0.200000,accel
1786611601591000,0.001000,0.002000,0.003000,gyro
1786611601592000,0.100000,-9.800000,0.200000,accel
1786611601592000,0.001000,0.002000,0.003000,gyro
1786611601593000,0.100000,-9.800000,0.200000,accel
1786611601593000,0.001000,0.002000,0.003000,gyro
1786611601594000,0.100000,-9.800000,0.200000,accel
1786611601594000,0.001000,0.002000,0.003000,gyro
1786611601595000,0.100000,-9.800000,0.200000,accel
1786611601595000,0.001000,0.002000,0.003000,gyro
1786611601596000,0.100000,-9.800000,0.200000,accel
1786611601596000,0.001000,0.002000,0.003000,gyro
1786611601597000,0.100000,-9.800000,0.200000,accel
1786611601597000,0.001000,0.002000,0.003000,gyro
1786611601598000,0.100000,-9.800000,0.200000,accel
1786611601598000,0.001000,0.002000,0.003000,gyro
1786611601599000,0.100000,-9.800000,0.200000,accel
1786611601599000,0.001000,0.002000,0.003000,gyro
1786611601600000,0.100000,-9.800000,0.200000,accel
1786611601600000,0.001000,0.002000,0.003000,gyro
1786611601601000,0.100000,-9.800000,0.200000,accel
1786611601601000,0.001000,0.002000,0.003000,gyro
1786611601602000,0.100000,-9.800000,0.200000,accel
1786611601602000,0.001000,0.002000,0.003000,gyro
1786611601603000,0.100000,-9.800000,0.200000,accel
1786611601603000,0.001000,0.002000,0.003000,gyro
1786611601604000,0.100000,-9.800000,0.200000,accel
1786611601604000,0.001000,0.002000,0.003000,gyro
1786611601605000,0.100000,-9.800000,0.200000,accel
1786611601605000,0.001000,0.002000,0.003000,gyro
1786611601606000,0.100000,-9.800000,0.200000,accel
1786611601606000,0.001000,0.002000,0.003000,gyro
1786611601607000,0.100000,-9.800000,0.200000,accel
1786611601607000,0.001000,0.002000,0.003000,gyro
1786611601608000,0.100000,-9.800000,0.200000,accel
1786611601608000,0.001000,0.002000,0.003000,gyro
1786611601609000,0.100000,-9.800000,0.200000,accel
1786611601609000,0.001000,0.002000,0.003000,gyro
1786611601610000,0.100000,-9.800000,0.200000,accel
1786611601610000,0.001000,0.002000,0.003000,gyro
1786611601611000,0.100000,-9.800000,0.200000,accel
1786611601611000,0.001000,0.002000,0.003000,gyro
1786611601612000,0.100000,-9.800000,0.200000,accel
1786611601612000,0.001000,0.002000,0.003000,gyro
1786611601613000,0.100000,-9.800000,0.200000,accel
1786611601613000,0.001000,0.002000,0.003000,gyro
1786611601614000,0.100000,-9.800000,0.200000,accel
1786611601614000,0.001000,0.002000,0.003000,gyro
1786611601615000,0.100000,-9.800000,0.200000,accel
1786611601615000,0.001000,0.002000,0.003000,gyro
1786611601616000,0.100000,-9.800000,0.200000,accel
1786611601616000,0.001000,0.002000,0.003000,gyro
1786611601617000,0.100000,-9.800000,0.200000,accel
1786611601617000,0.001000,0.002000,0.003000,gyro
1786611601618000,0.100000,-9.800000,0.200000,accel
1786611601618000,0.001000,0.002000,0.003000,gyro
1786611601619000,0.100000,-9.800000,0.200000,accel
1786611601619000,0.001000,0.002000,0.003000,gyro
1786611601620000,0.100000,-9.800000,0.200000,accel
1786611601620000,0.001000,0.002000,0.003000,gyro
1786611601621000,0.100000,-9.800000,0.200000,accel
1786611601621000,0.001000,0.002000,0.003000,gyro
1786611601622000,0.100000,-9.800000,0.200000,accel
1786611601622000,0.001000,0.002000,0.003000,gyro
1786611601623000,0.100000,-9.800000,0.200000,accel
1786611601623000,0.001000,0.002000,0.003000,gyro
1786611601624000,0.100000,-9.800000,0.200000,accel
1786611601624000,0.001000,0.002000,0.003000,gyro
1786611601625000,0.100000,-9.800000,0.200000,accel
1786611601625000,0.001000,0.002000,0.003000,gyro
1786611601626000,0.100000,-9.800000,0.200000,accel
1786611601626000,0.001000,0.002000,0.003000,gyro
1786611601627000,0.100000,-9.800000,0.200000,accel
1786611601627000,0.001000,0.002000,0.003000,gyro
1786611601628000,0.100000,-9.800000,0.200000,accel
1786611601628000,0.001000,0.002000,0.003000,gyro
1786611601629000,0.100000,-9.800000,0.200000,accel
1786611601629000,0.001000,0.002000,0.003000,gyro
1786611601630000,0.100000,-9.800000,0.200000,accel
1786611601630000,0.001000,0.002000,0.003000,gyro
1786611601631000,0.100000,-9.800000,0.200000,accel
1786611601631000,0.001000,0.002000,0.003000,gyro
1786611601632000,0.100000,-9.800000,0.200000,accel
1786611601632000,0.001000,0.002000,0.003000,gyro
1786611601633000,0.100000,-9.800000,0.200000,accel
1786611601633000,0.001000,0.002000,0.003000,gyro
1786611601634000,0.100000,-9.800000,0.200000,accel
1786611601634000,0.001000,0.002000,0.003000,gyro
1786611601635000,0.100000,-9.800000,0.200000,accel
1786611601635000,0.001000,0.002000,0.003000,gyro
1786611601636000,0.100000,-9.800000,0.200000,accel
1786611601636000,0.001000,0.002000,0.003000,gyro
1786611601637000,0.100000,-9.800000,0.200000,accel
1786611601637000,0.001000,0.002000,0.003000,gyro
1786611601638000,0.100000,-9.800000,0.200000,accel
1786611601638000,0.001000,0.002000,0.003000,gyro
1786611601639000,0.100000,-9.800000,0.200000,accel
1786611601639000,0.001000,0.002000,0.003000,gyro
1786611601640000,0.100000,-9.800000,0.200000,accel
1786611601640000,0.001000,0.002000,0.003000,gyro
1786611601641000,0.100000,-9.800000,0.200000,accel
1786611601641000,0.001000,0.002000,0.003000,gyro
1786611601642000,0.100000,-9.800000,0.200000,accel
1786611601642000,0.001000,0.002000,0.003000,gyro
1786611601643000,0.100000,-9.800000,0.200000,accel
1786611601643000,0.001000,0.002000,0.003000,gyro
1786611601644000,0.100000,-9.800000,0.200000,accel
1786611601644000,0.001000,0.002000,0.003000,gyro
1786611601645000,0.100000,-9.800000,0.200000,accel
1786611601645000,0.001000,0.002000,0.003000,gyro
1786611601646000,0.100000,-9.800000,0.200000,accel
1786611601646000,0.001000,0.002000,0.003000,gyro
1786611601647000,0.100000,-9.800000,0.200000,accel
1786611601647000,0.001000,0.002000,0.003000,gyro
1786611601648000,0.100000,-9.800000,0.200000,accel
1786611601648000,0.001000,0.002000,0.003000,gyro
1786611601649000,0.100000,-9.800000,0.200000,accel
1786611601649000,0.001000,0.002000,0.003000,gyro
1786611601650000,0.100000,-9.800000,0.200000,accel
1786611601650000,0.001000,0.002000,0.003000,gyro
1786611601651000,0.100000,-9.800000,0.200000,accel
1786611601651000,0.001000,0.002000,0.003000,gyro
1786611601652000,0.100000,-9.800000,0.200000,accel
1786611601652000,0.001000,0.002000,0.003000,gyro
1786611601653000,0.100000,-9.800000,0.200000,accel
1786611601653000,0.001000,0.002000,0.003000,gyro
1786611601654000,0.100000,-9.800000,0.200000,accel
1786611601654000,0.001000,0.002000,0.003000,gyro
1786611601655000,0.100000,-9.800000,0.200000,accel
1786611601655000,0.001000,0.002000,0.003000,gyro
1786611601656000,0.100000,-9.800000,0.200000,accel
1786611601656000,0.001000,0.002000,0.003000,gyro
1786611601657000,0.100000,-9.800000,0.200000,accel
1786611601657000,0.001000,0.002000,0.003000,gyro
1786611601658000,0.100000,-9.800000,0.200000,accel
1786611601658000,0.001000,0.002000,0.003000,gyro
1786611601659000,0.100000,-9.800000,0.200000,accel
1786611601659000,0.001000,0.002000,0.003000,gyro
1786611601660000,0.100000,-9.800000,0.200000,accel
1786611601660000,0.001000,0.002000,0.003000,gyro
1786611601661000,0.100000,-9.800000,0.200000,accel
1786611601661000,0.001000,0.002000,0.003000,gyro
1786611601662000,0.100000,-9.800000,0.200000,accel
1786611601662000,0.001000,0.002000,0.003000,gyro
1786611601663000,0.100000,-9.800000,0.200000,accel
1786611601663000,0.001000,0.002000,0.003000,gyro
1786611601664000,0.100000,-9.800000,0.200000,accel
1786611601664000,0.001000,0.002000,0.003000,gyro
1786611601665000,0.100000,-9.800000,0.200000,accel
1786611601665000,0.001000,0.002000,0.003000,gyro
1786611601666000,0.100000,-9.800000,0.200000,accel
1786611601666000,0.001000,0.002000,0.003000,gyro
1786611601667000,0.100000,-9.800000,0.200000,accel
1786611601667000,0.001000,0.002000,0.003000,gyro
1786611601668000,0.100000,-9.800000,0.200000,accel
1786611601668000,0.001000,0.002000,0.003000,gyro
1786611601669000,0.100000,-9.800000,0.200000,accel
1786611601669000,0.001000,0.002000,0.003000,gyro
1786611601670000,0.100000,-9.800000,0.200000,accel
1786611601670000,0.001000,0.002000,0.003000,gyro
1786611601671000,0.100000,-9.800000,0.200000,accel
1786611601671000,0.001000,0.002000,0.003000,gyro
1786611601672000,0.100000,-9.800000,0.200000,accel
1786611601672000,0.001000,0.002000,0.003000,gyro
1786611601673000,0.100000,-9.800000,0.200000,accel
1786611601673000,0.001000,0.002000,0.003000,gyro
1786611601674000,0.100000,-9.800000,0.200000,accel
1786611601674000,0.001000,0.002000,0.003000,gyro
1786611601675000,0.100000,-9.800000,0.200000,accel
1786611601675000,0.001000,0.002000,0.003000,gyro
1786611601676000,0.100000,-9.800000,0.200000,accel
1786611601676000,0.001000,0.002000,0.003000,gyro
1786611601677000,0.100000,-9.800000,0.200000,accel
1786611601677000,0.001000,0.002000,0.003000,gyro
1786611601678000,0.100000,-9.800000,0.200000,accel
1786611601678000,0.001000,0.002000,0.003000,gyro
1786611601679000,0.100000,-9.800000,0.200000,accel
1786611601679000,0.001000,0.002000,0.003000,gyro
1786611601680000,0.100000,-9.800000,0.200000,accel
1786611601680000,0.001000,0.002000,0.003000,gyro
1786611601681000,0.100000,-9.800000,0.200000,accel
1786611601681000,0.001000,0.002000,0.003000,gyro
1786611601682000,0.100000,-9.800000,0.200000,accel
1786611601682000,0.001000,0.002000,0.003000,gyro
1786611601683000,0.100000,-9.800000,0.200000,accel
1786611601683000,0.001000,0.002000,0.003000,gyro
1786611601684000,0.100000,-9.800000,0.200000,accel
1786611601684000,0.001000,0.002000,0.003000,gyro
1786611601685000,0.100000,-9.800000,0.200000,accel
1786611601685000,0.001000,0.002000,0.003000,gyro
1786611601686000,0.100000,-9.800000,0.200000,accel
1786611601686000,0.001000,0.002000,0.003000,gyro
1786611601687000,0.100000,-9.800000,0.200000,accel
1786611601687000,0.001000,0.002000,0.003000,gyro
1786611601688000,0.100000,-9.800000,0.200000,accel
1786611601688000,0.001000,0.002000,0.003000,gyro
1786611601689000,0.100000,-9.800000,0.200000,accel
1786611601689000,0.001000,0.002000,0.003000,gyro
1786611601690000,0.100000,-9.800000,0.200000,accel
1786611601690000,0.001000,0.002000,0.003000,gyro
1786611601691000,0.100000,-9.800000,0.200000,accel
1786611601691000,0.001000,0.002000,0.003000,gyro
1786611601692000,0.100000,-9.800000,0.200000,accel
1786611601692000,0.001000,0.002000,0.003000,gyro
1786611601693000,0.100000,-9.800000,0.200000,accel
1786611601693000,0.001000,0.002000,0.003000,gyro
1786611601694000,0.100000,-9.800000,0.200000,accel
1786611601694000,0.001000,0.002000,0.003000,gyro
1786611601695000,0.100000,-9.800000,0.200000,accel
1786611601695000,0.001000,0.002000,0.003000,gyro
1786611601696000,0.100000,-9.800000,0.200000,accel
1786611601696000,0.001000,0.002000,0.003000,gyro
1786611601697000,0.100000,-9.800000,0.200000,accel
1786611601697000,0.001000,0.002000,0.003000,gyro
1786611601698000,0.100000,-9.800000,0.200000,accel
1786611601698000,0.001000,0.002000,0.003000,gyro
1786611601699000,0.100000,-9.800000,0.200000,accel
1786611601699000,0.001000,0.002000,0.003000,gyro
1786611601700000,0.100000,-9.800000,0.200000,accel
1786611601700000,0.001000,0.002000,0.003000,gyro
1786611601701000,0.100000,-9.800000,0.200000,accel
1786611601701000,0.001000,0.002000,0.003000,gyro
1786611601702000,0.100000,-9.800000,0.200000,accel
1786611601702000,0.001000,0.002000,0.003000,gyro
1786611601703000,0.100000,-9.800000,0.200000,accel
1786611601703000,0.001000,0.002000,0.003000,gyro
1786611601704000,0.100000,-9.800000,0.200000,accel
1786611601704000,0.001000,0.002000,0.003000,gyro
1786611601705000,0.100000,-9.800000,0.200000,accel
1786611601705000,0.001000,0.002000,0.003000,gyro
1786611601706000,0.100000,-9.800000,0.200000,accel
1786611601706000,0.001000,0.002000,0.003000,gyro
1786611601707000,0.100000,-9.800000,0.200000,accel
1786611601707000,0.001000,0.002000,0.003000,gyro
1786611601708000,0.100000,-9.800000,0.200000,accel
1786611601708000,0.001000,0.002000,0.003000,gyro
1786611601709000,0.100000,-9.800000,0.200000,accel
1786611601709000,0.001000,0.002000,0.003000,gyro
1786611601710000,0.100000,-9.800000,0.200000,accel
1786611601710000,0.001000,0.002000,0.003000,gyro
1786611601711000,0.100000,-9.800000,0.200000,accel
1786611601711000,0.001000,0.002000,0.003000,gyro
1786611601712000,0.100000,-9.800000,0.200000,accel
1786611601712000,0.001000,0.002000,0.003000,gyro
1786611601713000,0.100000,-9.800000,0.200000,accel
1786611601713000,0.001000,0.002000,0.003000,gyro
1786611601714000,0.100000,-9.800000,0.200000,accel
1786611601714000,0.001000,0.002000,0.003000,gyro
1786611601715000,0.100000,-9.800000,0.200000,accel
1786611601715000,0.001000,0.002000,0.003000,gyro
1786611601716000,0.100000,-9.800000,0.200000,accel
1786611601716000,0.001000,0.002000,0.003000,gyro
1786611601717000,0.100000,-9.800000,0.200000,accel
1786611601717000,0.001000,0.002000,0.003000,gyro
1786611601718000,0.100000,-9.800000,0.200000,accel
1786611601718000,0.001000,0.002000,0.003000,gyro
1786611601719000,0.100000,-9.800000,0.200000,accel
1786611601719000,0.001000,0.002000,0.003000,gyro
1786611601720000,0.100000,-9.800000,0.200000,accel
1786611601720000,0.001000,0.002000,0.003000,gyro
1786611601721000,0.100000,-9.800000,0.200000,accel
1786611601721000,0.001000,0.002000,0.003000,gyro
1786611601722000,0.100000,-9.800000,0.200000,accel
1786611601722000,0.001000,0.002000,0.003000,gyro
1786611601723000,0.100000,-9.800000,0.200000,accel
1786611601723000,0.001000,0.002000,0.003000,gyro
1786611601724000,0.100000,-9.800000,0.200000,accel
1786611601724000,0.001000,0.002000,0.003000,gyro
1786611601725000,0.100000,-9.800000,0.200000,accel
1786611601725000,0.001000,0.002000,0.003000,gyro
1786611601726000,0.100000,-9.800000,0.200000,accel
1786611601726000,0.001000,0.002000,0.003000,gyro
1786611601727000,0.100000,-9.800000,0.200000,accel
1786611601727000,0.001000,0.002000,0.003000,gyro
1786611601728000,0.100000,-9.800000,0.200000,accel
1786611601728000,0.001000,0.002000,0.003000,gyro
1786611601729000,0.100000,-9.800000,0.200000,accel
1786611601729000,0.001000,0.002000,0.003000,gyro
1786611601730000,0.100000,-9.800000,0.200000,accel
1786611601730000,0.001000,0.002000,0.003000,gyro
1786611601731000,0.100000,-9.800000,0.200000,accel
1786611601731000,0.001000,0.002000,0.003000,gyro
1786611601732000,0.100000,-9.800000,0.200000,accel
1786611601732000,0.001000,0.002000,0.003000,gyro
1786611601733000,0.100000,-9.800000,0.200000,accel
1786611601733000,0.001000,0.002000,0.003000,gyro
1786611601734000,0.100000,-9.800000,0.200000,accel
1786611601734000,0.001000,0.002000,0.003000,gyro
1786611601735000,0.100000,-9.800000,0.200000,accel
1786611601735000,0.001000,0.002000,0.003000,gyro
1786611601736000,0.100000,-9.800000,0.200000,accel
1786611601736000,0.001000,0.002000,0.003000,gyro
1786611601737000,0.100000,-9.800000,0.200000,accel
1786611601737000,0.001000,0.002000,0.003000,gyro
1786611601738000,0.100000,-9.800000,0.200000,accel
1786611601738000,0.001000,0.002000,0.003000,gyro
1786611601739000,0.100000,-9.800000,0.200000,accel
1786611601739000,0.001000,0.002000,0.003000,gyro
1786611601740000,0.100000,-9.800000,0.200000,accel
1786611601740000,0.001000,0.002000,0.003000,gyro
1786611601741000,0.100000,-9.800000,0.200000,accel
1786611601741000,0.001000,0.002000,0.003000,gyro
1786611601742000,0.100000,-9.800000,0.200000,accel
1786611601742000,0.001000,0.002000,0.003000,gyro
1786611601743000,0.100000,-9.800000,0.200000,accel
1786611601743000,0.001000,0.002000,0.003000,gyro
1786611601744000,0.100000,-9.800000,0.200000,accel
1786611601744000,0.001000,0.002000,0.003000,gyro
1786611601745000,0.100000,-9.800000,0.200000,accel
1786611601745000,0.001000,0.002000,0.003000,gyro
1786611601746000,0.100000,-9.800000,0.200000,accel
1786611601746000,0.001000,0.002000,0.003000,gyro
1786611601747000,0.100000,-9.800000,0.200000,accel
1786611601747000,0.001000,0.002000,0.003000,gyro
1786611601748000,0.100000,-9.800000,0.200000,accel
1786611601748000,0.001000,0.002000,0.003000,gyro
1786611601749000,0.100000,-9.800000,0.200000,accel
1786611601749000,0.001000,0.002000,0.003000,gyro
1786611601750000,0.100000,-9.800000,0.200000,accel
1786611601750000,0.001000,0.002000,0.003000,gyro
1786611601751000,0.100000,-9.800000,0.200000,accel
1786611601751000,0.001000,0.002000,0.003000,gyro
1786611601752000,0.100000,-9.800000,0.200000,accel
1786611601752000,0.001000,0.002000,0.003000,gyro
1786611601753000,0.100000,-9.800000,0.200000,accel
1786611601753000,0.001000,0.002000,0.003000,gyro
1786611601754000,0.100000,-9.800000,0.200000,accel
1786611601754000,0.001000,0.002000,0.003000,gyro
1786611601755000,0.100000,-9.800000,0.200000,accel
1786611601755000,0.001000,0.002000,0.003000,gyro
1786611601756000,0.100000,-9.800000,0.200000,accel
1786611601756000,0.001000,0.002000,0.003000,gyro
1786611601757000,0.100000,-9.800000,0.200000,accel
1786611601757000,0.001000,0.002000,0.003000,gyro
1786611601758000,0.100000,-9.800000,0.200000,accel
1786611601758000,0.001000,0.002000,0.003000,gyro
1786611601759000,0.100000,-9.800000,0.200000,accel
1786611601759000,0.001000,0.002000,0.003000,gyro
1786611601760000,0.100000,-9.800000,0.200000,accel
1786611601760000,0.001000,0.002000,0.003000,gyro
1786611601761000,0.100000,-9.800000,0.200000,accel
1786611601761000,0.001000,0.002000,0.003000,gyro
1786611601762000,0.100000,-9.800000,0.200000,accel
1786611601762000,0.001000,0.002000,0.003000,gyro
1786611601763000,0.100000,-9.800000,0.200000,accel
1786611601763000,0.001000,0.002000,0.003000,gyro
1786611601764000,0.100000,-9.800000,0.200000,accel
1786611601764000,0.001000,0.002000,0.003000,gyro
1786611601765000,0.100000,-9.800000,0.200000,accel
1786611601765000,0.001000,0.002000,0.003000,gyro
1786611601766000,0.100000,-9.800000,0.200000,accel
1786611601766000,0.001000,0.002000,0.003000,gyro
1786611601767000,0.100000,-9.800000,0.200000,accel
1786611601767000,0.001000,0.002000,0.003000,gyro
1786611601768000,0.100000,-9.800000,0.200000,accel
1786611601768000,0.001000,0.002000,0.003000,gyro
1786611601769000,0.100000,-9.800000,0.200000,accel
1786611601769000,0.001000,0.002000,0.003000,gyro
1786611601770000,0.100000,-9.800000,0.200000,accel
1786611601770000,0.001000,0.002000,0.003000,gyro
1786611601771000,0.100000,-9.800000,0.200000,accel
1786611601771000,0.001000,0.002000,0.003000,gyro
1786611601772000,0.100000,-9.800000,0.200000,accel
1786611601772000,0.001000,0.002000,0.003000,gyro
1786611601773000,0.100000,-9.800000,0.200000,accel
1786611601773000,0.001000,0.002000,0.003000,gyro
1786611601774000,0.100000,-9.800000,0.200000,accel
1786611601774000,0.001000,0.002000,0.003000,gyro
1786611601775000,0.100000,-9.800000,0.200000,accel
1786611601775000,0.001000,0.002000,0.003000,gyro
1786611601776000,0.100000,-9.800000,0.200000,accel
1786611601776000,0.001000,0.002000,0.003000,gyro
1786611601777000,0.100000,-9.800000,0.200000,accel
1786611601777000,0.001000,0.002000,0.003000,gyro
1786611601778000,0.100000,-9.800000,0.200000,accel
1786611601778000,0.001000,0.002000,0.003000,gyro
1786611601779000,0.100000,-9.800000,0.200000,accel
1786611601779000,0.001000,0.002000,0.003000,gyro
1786611601780000,0.100000,-9.800000,0.200000,accel
1786611601780000,0.001000,0.002000,0.003000,gyro
1786611601781000,0.100000,-9.800000,0.200000,accel
1786611601781000,0.001000,0.002000,0.003000,gyro
1786611601782000,0.100000,-9.800000,0.200000,accel
1786611601782000,0.001000,0.002000,0.003000,gyro
1786611601783000,0.100000,-9.800000,0.200000,accel
1786611601783000,0.001000,0.002000,0.003000,gyro
1786611601784000,0.100000,-9.800000,0.200000,accel
1786611601784000,0.001000,0.002000,0.003000,gyro
1786611601785000,0.100000,-9.800000,0.200000,accel
1786611601785000,0.001000,0.002000,0.003000,gyro
1786611601786000,0.100000,-9.800000,0.200000,accel
1786611601786000,0.001000,0.002000,0.003000,gyro
1786611601787000,0.100000,-9.800000,0.200000,accel
1786611601787000,0.001000,0.002000,0.003000,gyro
1786611601788000,0.100000,-9.800000,0.200000,accel
1786611601788000,0.001000,0.002000,0.003000,gyro
1786611601789000,0.100000,-9.800000,0.200000,accel
1786611601789000,0.001000,0.002000,0.003000,gyro
1786611601790000,0.100000,-9.800000,0.200000,accel
1786611601790000,0.001000,0.002000,0.003000,gyro
1786611601791000,0.100000,-9.800000,0.200000,accel
1786611601791000,0.001000,0.002000,0.003000,gyro
1786611601792000,0.100000,-9.800000,0.200000,accel
1786611601792000,0.001000,0.002000,0.003000,gyro
1786611601793000,0.100000,-9.800000,0.200000,accel
1786611601793000,0.001000,0.002000,0.003000,gyro
1786611601794000,0.100000,-9.800000,0.200000,accel
1786611601794000,0.001000,0.002000,0.003000,gyro
1786611601795000,0.100000,-9.800000,0.200000,accel
1786611601795000,0.001000,0.002000,0.003000,gyro
1786611601796000,0.100000,-9.800000,0.200000,accel
1786611601796000,0.001000,0.002000,0.003000,gyro
1786611601797000,0.100000,-9.800000,0.200000,accel
1786611601797000,0.001000,0.002000,0.003000,gyro
1786611601798000,0.100000,-9.800000,0.200000,accel
1786611601798000,0.001000,0.002000,0.003000,gyro
1786611601799000,0.100000,-9.800000,0.200000,accel
1786611601799000,0.001000,0.002000,0.003000,gyro
1786611601800000,0.100000,-9.800000,0.200000,accel
1786611601800000,0.001000,0.002000,0.003000,gyro
1786611601801000,0.100000,-9.800000,0.200000,accel
1786611601801000,0.001000,0.002000,0.003000,gyro
1786611601802000,0.100000,-9.800000,0.200000,accel
1786611601802000,0.001000,0.002000,0.003000,gyro
1786611601803000,0.100000,-9.800000,0.200000,accel
1786611601803000,0.001000,0.002000,0.003000,gyro
1786611601804000,0.100000,-9.800000,0.200000,accel
1786611601804000,0.001000,0.002000,0.003000,gyro
1786611601805000,0.100000,-9.800000,0.200000,accel
1786611601805000,0.001000,0.002000,0.003000,gyro
1786611601806000,0.100000,-9.800000,0.200000,accel
1786611601806000,0.001000,0.002000,0.003000,gyro
1786611601807000,0.100000,-9.800000,0.200000,accel
1786611601807000,0.001000,0.002000,0.003000,gyro
1786611601808000,0.100000,-9.800000,0.200000,accel
1786611601808000,0.001000,0.002000,0.003000,gyro
1786611601809000,0.100000,-9.800000,0.200000,accel
1786611601809000,0.001000,0.002000,0.003000,gyro
1786611601810000,0.100000,-9.800000,0.200000,accel
1786611601810000,0.001000,0.002000,0.003000,gyro
1786611601811000,0.100000,-9.800000,0.200000,accel
1786611601811000,0.001000,0.002000,0.003000,gyro
1786611601812000,0.100000,-9.800000,0.200000,accel
1786611601812000,0.001000,0.002000,0.003000,gyro
1786611601813000,0.100000,-9.800000,0.200000,accel
1786611601813000,0.001000,0.002000,0.003000,gyro
1786611601814000,0.100000,-9.800000,0.200000,accel
1786611601814000,0.001000,0.002000,0.003000,gyro
1786611601815000,0.100000,-9.800000,0.200000,accel
1786611601815000,0.001000,0.002000,0.003000,gyro
1786611601816000,0.100000,-9.800000,0.200000,accel
1786611601816000,0.001000,0.002000,0.003000,gyro
1786611601817000,0.100000,-9.800000,0.200000,accel
1786611601817000,0.001000,0.002000,0.003000,gyro
1786611601818000,0.100000,-9.800000,0.200000,accel
1786611601818000,0.001000,0.002000,0.003000,gyro
1786611601819000,0.100000,-9.800000,0.200000,accel
1786611601819000,0.001000,0.002000,0.003000,gyro
1786611601820000,0.100000,-9.800000,0.200000,accel
1786611601820000,0.001000,0.002000,0.003000,gyro
1786611601821000,0.100000,-9.800000,0.200000,accel
1786611601821000,0.001000,0.002000,0.003000,gyro
1786611601822000,0.100000,-9.800000,0.200000,accel
1786611601822000,0.001000,0.002000,0.003000,gyro
1786611601823000,0.100000,-9.800000,0.200000,accel
1786611601823000,0.001000,0.002000,0.003000,gyro
1786611601824000,0.100000,-9.800000,0.200000,accel
1786611601824000,0.001000,0.002000,0.003000,gyro
1786611601825000,0.100000,-9.800000,0.200000,accel
1786611601825000,0.001000,0.002000,0.003000,gyro
1786611601826000,0.100000,-9.800000,0.200000,accel
1786611601826000,0.001000,0.002000,0.003000,gyro
1786611601827000,0.100000,-9.800000,0.200000,accel
1786611601827000,0.001000,0.002000,0.003000,gyro
1786611601828000,0.100000,-9.800000,0.200000,accel
1786611601828000,0.001000,0.002000,0.003000,gyro
1786611601829000,0.100000,-9.800000,0.200000,accel
1786611601829000,0.001000,0.002000,0.003000,gyro
1786611601830000,0.100000,-9.800000,0.200000,accel
1786611601830000,0.001000,0.002000,0.003000,gyro
1786611601831000,0.100000,-9.800000,0.200000,accel
1786611601831000,0.001000,0.002000,0.003000,gyro
1786611601832000,0.100000,-9.800000,0.200000,accel
1786611601832000,0.001000,0.002000,0.003000,gyro
1786611601833000,0.100000,-9.800000,0.200000,accel
1786611601833000,0.001000,0.002000,0.003000,gyro
1786611601834000,0.100000,-9.800000,0.200000,accel
1786611601834000,0.001000,0.002000,0.003000,gyro
1786611601835000,0.100000,-9.800000,0.200000,accel
1786611601835000,0.001000,0.002000,0.003000,gyro
1786611601836000,0.100000,-9.800000,0.200000,accel
1786611601836000,0.001000,0.002000,0.003000,gyro
1786611601837000,0.100000,-9.800000,0.200000,accel
1786611601837000,0.001000,0.002000,0.003000,gyro
1786611601838000,0.100000,-9.800000,0.200000,accel
1786611601838000,0.001000,0.002000,0.003000,gyro
1786611601839000,0.100000,-9.800000,0.200000,accel
1786611601839000,0.001000,0.002000,0.003000,gyro
1786611601840000,0.100000,-9.800000,0.200000,accel
1786611601840000,0.001000,0.002000,0.003000,gyro
1786611601841000,0.100000,-9.800000,0.200000,accel
1786611601841000,0.001000,0.002000,0.003000,gyro
1786611601842000,0.100000,-9.800000,0.200000,accel
1786611601842000,0.001000,0.002000,0.003000,gyro
1786611601843000,0.100000,-9.800000,0.200000,accel
1786611601843000,0.001000,0.002000,0.003000,gyro
1786611601844000,0.100000,-9.800000,0.200000,accel
1786611601844000,0.001000,0.002000,0.003000,gyro
1786611601845000,0.100000,-9.800000,0.200000,accel
1786611601845000,0.001000,0.002000,0.003000,gyro
1786611601846000,0.100000,-9.800000,0.200000,accel
1786611601846000,0.001000,0.002000,0.003000,gyro
1786611601847000,0.100000,-9.800000,0.200000,accel
1786611601847000,0.001000,0.002000,0.003000,gyro
1786611601848000,0.100000,-9.800000,0.200000,accel
1786611601848000,0.001000,0.002000,0.003000,gyro
1786611601849000,0.100000,-9.800000,0.200000,accel
1786611601849000,0.001000,0.002000,0.003000,gyro
1786611601850000,0.100000,-9.800000,0.200000,accel
1786611601850000,0.001000,0.002000,0.003000,gyro
1786611601851000,0.100000,-9.800000,0.200000,accel
1786611601851000,0.001000,0.002000,0.003000,gyro
1786611601852000,0.100000,-9.800000,0.200000,accel
1786611601852000,0.001000,0.002000,0.003000,gyro
1786611601853000,0.100000,-9.800000,0.200000,accel
1786611601853000,0.001000,0.002000,0.003000,gyro
1786611601854000,0.100000,-9.800000,0.200000,accel
1786611601854000,0.001000,0.002000,0.003000,gyro
1786611601855000,0.100000,-9.800000,0.200000,accel
1786611601855000,0.001000,0.002000,0.003000,gyro
1786611601856000,0.100000,-9.800000,0.200000,accel
1786611601856000,0.001000,0.002000,0.003000,gyro
1786611601857000,0.100000,-9.800000,0.200000,accel
1786611601857000,0.001000,0.002000,0.003000,gyro
1786611601858000,0.100000,-9.800000,0.200000,accel
1786611601858000,0.001000,0.002000,0.003000,gyro
1786611601859000,0.100000,-9.800000,0.200000,accel
1786611601859000,0.001000,0.002000,0.003000,gyro
1786611601860000,0.100000,-9.800000,0.200000,accel
1786611601860000,0.001000,0.002000,0.003000,gyro
1786611601861000,0.100000,-9.800000,0.200000,accel
1786611601861000,0.001000,0.002000,0.003000,gyro
1786611601862000,0.100000,-9.800000,0.200000,accel
1786611601862000,0.001000,0.002000,0.003000,gyro
1786611601863000,0.100000,-9.800000,0.200000,accel
1786611601863000,0.001000,0.002000,0.003000,gyro
1786611601864000,0.100000,-9.800000,0.200000,accel
1786611601864000,0.001000,0.002000,0.003000,gyro
1786611601865000,0.100000,-9.800000,0.200000,accel
1786611601865000,0.001000,0.002000,0.003000,gyro
1786611601866000,0.100000,-9.800000,0.200000,accel
1786611601866000,0.001000,0.002000,0.003000,gyro
1786611601867000,0.100000,-9.800000,0.200000,accel
1786611601867000,0.001000,0.002000,0.003000,gyro
1786611601868000,0.100000,-9.800000,0.200000,accel
1786611601868000,0.001000,0.002000,0.003000,gyro
1786611601869000,0.100000,-9.800000,0.200000,accel
1786611601869000,0.001000,0.002000,0.003000,gyro
1786611601870000,0.100000,-9.800000,0.200000,accel
1786611601870000,0.001000,0.002000,0.003000,gyro
1786611601871000,0.100000,-9.800000,0.200000,accel
1786611601871000,0.001000,0.002000,0.003000,gyro
1786611601872000,0.100000,-9.800000,0.200000,accel
1786611601872000,0.001000,0.002000,0.003000,gyro
1786611601873000,0.100000,-9.800000,0.200000,accel
1786611601873000,0.001000,0.002000,0.003000,gyro
1786611601874000,0.100000,-9.800000,0.200000,accel
1786611601874000,0.001000,0.002000,0.003000,gyro
1786611601875000,0.100000,-9.800000,0.200000,accel
1786611601875000,0.001000,0.002000,0.003000,gyro
1786611601876000,0.100000,-9.800000,0.200000,accel
1786611601876000,0.001000,0.002000,0.003000,gyro
1786611601877000,0.100000,-9.800000,0.200000,accel
1786611601877000,0.001000,0.002000,0.003000,gyro
1786611601878000,0.100000,-9.800000,0.200000,accel
1786611601878000,0.001000,0.002000,0.003000,gyro
1786611601879000,0.100000,-9.800000,0.200000,accel
1786611601879000,0.001000,0.002000,0.003000,gyro
1786611601880000,0.100000,-9.800000,0.200000,accel
1786611601880000,0.001000,0.002000,0.003000,gyro
1786611601881000,0.100000,-9.800000,0.200000,accel
1786611601881000,0.001000,0.002000,0.003000,gyro
1786611601882000,0.100000,-9.800000,0.200000,accel
1786611601882000,0.001000,0.002000,0.003000,gyro
1786611601883000,0.100000,-9.800000,0.200000,accel
1786611601883000,0.001000,0.002000,0.003000,gyro
1786611601884000,0.100000,-9.800000,0.200000,accel
1786611601884000,0.001000,0.002000,0.003000,gyro
1786611601885000,0.100000,-9.800000,0.200000,accel
1786611601885000,0.001000,0.002000,0.003000,gyro
1786611601886000,0.100000,-9.800000,0.200000,accel
1786611601886000,0.001000,0.002000,0.003000,gyro
1786611601887000,0.100000,-9.800000,0.200000,accel
1786611601887000,0.001000,0.002000,0.003000,gyro
1786611601888000,0.100000,-9.800000,0.200000,accel
1786611601888000,0.001000,0.002000,0.003000,gyro
1786611601889000,0.100000,-9.800000,0.200000,accel
1786611601889000,0.001000,0.002000,0.003000,gyro
1786611601890000,0.100000,-9.800000,0.200000,accel
1786611601890000,0.001000,0.002000,0.003000,gyro
1786611601891000,0.100000,-9.800000,0.200000,accel
1786611601891000,0.001000,0.002000,0.003000,gyro
1786611601892000,0.100000,-9.800000,0.200000,accel
1786611601892000,0.001000,0.002000,0.003000,gyro
1786611601893000,0.100000,-9.800000,0.200000,accel
1786611601893000,0.001000,0.002000,0.003000,gyro
1786611601894000,0.100000,-9.800000,0.200000,accel
1786611601894000,0.001000,0.002000,0.003000,gyro
1786611601895000,0.100000,-9.800000,0.200000,accel
1786611601895000,0.001000,0.002000,0.003000,gyro
1786611601896000,0.100000,-9.800000,0.200000,accel
1786611601896000,0.001000,0.002000,0.003000,gyro
1786611601897000,0.100000,-9.800000,0.200000,accel
1786611601897000,0.001000,0.002000,0.003000,gyro
1786611601898000,0.100000,-9.800000,0.200000,accel
1786611601898000,0.001000,0.002000,0.003000,gyro
1786611601899000,0.100000,-9.800000,0.200000,accel
1786611601899000,0.001000,0.002000,0.003000,gyro
1786611601900000,0.100000,-9.800000,0.200000,accel
1786611601900000,0.001000,0.002000,0.003000,gyro
1786611601901000,0.100000,-9.800000,0.200000,accel
1786611601901000,0.001000,0.002000,0.003000,gyro
1786611601902000,0.100000,-9.800000,0.200000,accel
1786611601902000,0.001000,0.002000,0.003000,gyro
1786611601903000,0.100000,-9.800000,0.200000,accel
1786611601903000,0.001000,0.002000,0.003000,gyro
1786611601904000,0.100000,-9.800000,0.200000,accel
1786611601904000,0.001000,0.002000,0.003000,gyro
1786611601905000,0.100000,-9.800000,0.200000,accel
1786611601905000,0.001000,0.002000,0.003000,gyro
1786611601906000,0.100000,-9.800000,0.200000,accel
1786611601906000,0.001000,0.002000,0.003000,gyro
1786611601907000,0.100000,-9.800000,0.200000,accel
1786611601907000,0.001000,0.002000,0.003000,gyro
1786611601908000,0.100000,-9.800000,0.200000,accel
1786611601908000,0.001000,0.002000,0.003000,gyro
1786611601909000,0.100000,-9.800000,0.200000,accel
1786611601909000,0.001000,0.002000,0.003000,gyro
1786611601910000,0.100000,-9.800000,0.200000,accel
1786611601910000,0.001000,0.002000,0.003000,gyro
1786611601911000,0.100000,-9.800000,0.200000,accel
1786611601911000,0.001000,0.002000,0.003000,gyro
1786611601912000,0.100000,-9.800000,0.200000,accel
1786611601912000,0.001000,0.002000,0.003000,gyro
1786611601913000,0.100000,-9.800000,0.200000,accel
1786611601913000,0.001000,0.002000,0.003000,gyro
1786611601914000,0.100000,-9.800000,0.200000,accel
1786611601914000,0.001000,0.002000,0.003000,gyro
1786611601915000,0.100000,-9.800000,0.200000,accel
1786611601915000,0.001000,0.002000,0.003000,gyro
1786611601916000,0.100000,-9.800000,0.200000,accel
1786611601916000,0.001000,0.002000,0.003000,gyro
1786611601917000,0.100000,-9.800000,0.200000,accel
1786611601917000,0.001000,0.002000,0.003000,gyro
1786611601918000,0.100000,-9.800000,0.200000,accel
1786611601918000,0.001000,0.002000,0.003000,gyro
1786611601919000,0.100000,-9.800000,0.200000,accel
1786611601919000,0.001000,0.002000,0.003000,gyro
1786611601920000,0.100000,-9.800000,0.200000,accel
1786611601920000,0.001000,0.002000,0.003000,gyro
1786611601921000,0.100000,-9.800000,0.200000,accel
1786611601921000,0.001000,0.002000,0.003000,gyro
1786611601922000,0.100000,-9.800000,0.200000,accel
1786611601922000,0.001000,0.002000,0.003000,gyro
1786611601923000,0.100000,-9.800000,0.200000,accel
1786611601923000,0.001000,0.002000,0.003000,gyro
1786611601924000,0.100000,-9.800000,0.200000,accel
1786611601924000,0.001000,0.002000,0.003000,gyro
1786611601925000,0.100000,-9.800000,0.200000,accel
1786611601925000,0.001000,0.002000,0.003000,gyro
1786611601926000,0.100000,-9.800000,0.200000,accel
1786611601926000,0.001000,0.002000,0.003000,gyro
1786611601927000,0.100000,-9.800000,0.200000,accel
1786611601927000,0.001000,0.002000,0.003000,gyro
1786611601928000,0.100000,-9.800000,0.200000,accel
1786611601928000,0.001000,0.002000,0.003000,gyro
1786611601929000,0.100000,-9.800000,0.200000,accel
1786611601929000,0.001000,0.002000,0.003000,gyro
1786611601930000,0.100000,-9.800000,0.200000,accel
1786611601930000,0.001000,0.002000,0.003000,gyro
1786611601931000,0.100000,-9.800000,0.200000,accel
1786611601931000,0.001000,0.002000,0.003000,gyro
1786611601932000,0.100000,-9.800000,0.200000,accel
1786611601932000,0.001000,0.002000,0.003000,gyro
1786611601933000,0.100000,-9.800000,0.200000,accel
1786611601933000,0.001000,0.002000,0.003000,gyro
1786611601934000,0.100000,-9.800000,0.200000,accel
1786611601934000,0.001000,0.002000,0.003000,gyro
1786611601935000,0.100000,-9.800000,0.200000,accel
1786611601935000,0.001000,0.002000,0.003000,gyro
1786611601936000,0.100000,-9.800000,0.200000,accel
1786611601936000,0.001000,0.002000,0.003000,gyro
1786611601937000,0.100000,-9.800000,0.200000,accel
1786611601937000,0.001000,0.002000,0.003000,gyro
1786611601938000,0.100000,-9.800000,0.200000,accel
1786611601938000,0.001000,0.002000,0.003000,gyro
1786611601939000,0.100000,-9.800000,0.200000,accel
1786611601939000,0.001000,0.002000,0.003000,gyro
1786611601940000,0.100000,-9.800000,0.200000,accel
1786611601940000,0.001000,0.002000,0.003000,gyro
1786611601941000,0.100000,-9.800000,0.200000,accel
1786611601941000,0.001000,0.002000,0.003000,gyro
1786611601942000,0.100000,-9.800000,0.200000,accel
1786611601942000,0.001000,0.002000,0.003000,gyro
1786611601943000,0.100000,-9.800000,0.200000,accel
1786611601943000,0.001000,0.002000,0.003000,gyro
1786611601944000,0.100000,-9.800000,0.200000,accel
1786611601944000,0.001000,0.002000,0.003000,gyro
1786611601945000,0.100000,-9.800000,0.200000,accel
1786611601945000,0.001000,0.002000,0.003000,gyro
1786611601946000,0.100000,-9.800000,0.200000,accel
1786611601946000,0.001000,0.002000,0.003000,gyro
1786611601947000,0.100000,-9.800000,0.200000,accel
1786611601947000,0.001000,0.002000,0.003000,gyro
1786611601948000,0.100000,-9.800000,0.200000,accel
1786611601948000,0.001000,0.002000,0.003000,gyro
1786611601949000,0.100000,-9.800000,0.200000,accel
1786611601949000,0.001000,0.002000,0.003000,gyro
1786611601950000,0.100000,-9.800000,0.200000,accel
1786611601950000,0.001000,0.002000,0.003000,gyro
1786611601951000,0.100000,-9.800000,0.200000,accel
1786611601951000,0.001000,0.002000,0.003000,gyro
1786611601952000,0.100000,-9.800000,0.200000,accel
1786611601952000,0.001000,0.002000,0.003000,gyro
1786611601953000,0.100000,-9.800000,0.200000,accel
1786611601953000,0.001000,0.002000,0.003000,gyro
1786611601954000,0.100000,-9.800000,0.200000,accel
1786611601954000,0.001000,0.002000,0.003000,gyro
1786611601955000,0.100000,-9.800000,0.200000,accel
1786611601955000,0.001000,0.002000,0.003000,gyro
1786611601956000,0.100000,-9.800000,0.200000,accel
1786611601956000,0.001000,0.002000,0.003000,gyro
1786611601957000,0.100000,-9.800000,0.200000,accel
1786611601957000,0.001000,0.002000,0.003000,gyro
1786611601958000,0.100000,-9.800000,0.200000,accel
1786611601958000,0.001000,0.002000,0.003000,gyro
1786611601959000,0.100000,-9.800000,0.200000,accel
1786611601959000,0.001000,0.002000,0.003000,gyro
1786611601960000,0.100000,-9.800000,0.200000,accel
1786611601960000,0.001000,0.002000,0.003000,gyro
1786611601961000,0.100000,-9.800000,0.200000,accel
1786611601961000,0.001000,0.002000,0.003000,gyro
1786611601962000,0.100000,-9.800000,0.200000,accel
1786611601962000,0.001000,0.002000,0.003000,gyro
1786611601963000,0.100000,-9.800000,0.200000,accel
1786611601963000,0.001000,0.002000,0.003000,gyro
1786611601964000,0.100000,-9.800000,0.200000,accel
1786611601964000,0.001000,0.002000,0.003000,gyro
1786611601965000,0.100000,-9.800000,0.200000,accel
1786611601965000,0.001000,0.002000,0.003000,gyro
1786611601966000,0.100000,-9.800000,0.200000,accel
1786611601966000,0.001000,0.002000,0.003000,gyro
